two_letter_words,three_letter_words,common_english_words,sat_words, 
ab,ace,the,abase, 
ac,able,of,abbess, 
ad,ach,to,abbey, 
af,ack,and,abbot, 
ag,act,a,abdicate, 
ah,add,in,abdomen, 
ai,ade,is,abdominal, 
ak,afe,it,abduction, 
al,aft,you,abed, 
am,age,that,aberration, 
an,aid,he,abet, 
ap,aid,was,abeyance, 
ar,aif,for,abhorrence, 
as,aig,on,abhorrent, 
at,ain,are,abidance, 
au,air,with,abject, 
av,ais,as,abjure, 
aw,ake,I,able-bodied, 
ax,ald,his,ablution, 
ay,ale,they,abnegate, 
ba,ale,be,abnormal, 
be,ali,at,abominable, 
bo,alt,one,abominate, 
bu,ame,have,abomination, 
by,anch,this,aboriginal, 
br,and,from,aborigines, 
bl,ane,or,aboveboard, 
ca,ang,had,abrade, 
ce,ani,by,abrasion, 
co,ant,hot,abridge, 
cu,any,word,abridgment, 
ci,ape,but,abrogate, 
bi,aph,what,abrupt, 
cy,apt,some,abscess, 
cr,ara,we,abscission, 
cl,ard,can,abscond, 
da,are,out,absence, 
de,art,other,absent-minded, 
di,ary,were,absolution, 
do,ase,all,absolve, 
du,ash,there,absorb, 
dy,ask,when,absorption, 
dr,ast,up,abstain, 
ea,ath,use,abstemious, 
ee,aug,your,abstinence, 
ei,augh,how,abstruse, 
eo,aus,said,absurd, 
eu,ave,an,abundant, 
eb,avo,each,abusive, 
ec,awe,she,abut, 
ed,aws,which,abyss, 
ef,axe,do,academic, 
eg,aze,their,academician, 
eh,ban,time,academy, 
ek,bat,if,accede, 
el,bea,will,accelerate, 
em,bear,way,accept, 
en,bee,about,access, 
ep,bel,many,accessible, 
er,ben,then,accession, 
es,ber,them,accessory, 
et,bet,write,acclaim, 
ev,big,would,accommodate, 
ew,bil,like,accompaniment, 
ex,bin,so,accompanist, 
ey,bit,these,accompany, 
ze,bot,her,accomplice, 
fa,bou,long,accomplish, 
fe,bow,make,accordion, 
fo,bra,thing,accost, 
fi,bre,see,account, 
fu,bri,him,accouter, 
fy,bro,two,accredit, 
fr,bue,has,accumulate, 
fl,bun,look,accuracy, 
ga,but,more,accurate, 
ge,buy,day,accursed, 
go,cab,could,accusation, 
gi,can,go,accusatory, 
gu,cast,come,accuse, 
gy,cat,did,accustom, 
gr,cell,number,acerbity, 
gl,cem,sound,acetate, 
gh,cen,no,acetic, 
gn,cent,most,ache, 
ft,cha,people,Achillean, 
dt,char,my,achromatic, 
nd,che,over,acid, 
ka,cher,know,acidify, 
ke,chi,water,acknowledge, 
ki,cho,than,acknowledgment, 
ky,chor,call,acme, 
ko,chu,first,acoustic, 
ku,cif,who,acquaint, 
kr,cil,may,acquiesce, 
kl,cin,down,acquiescence, 
la,cir,side,acquire, 
le,cit,been,acquisition, 
lo,cite,now,acquit, 
lu,clo,find,acquittal, 
li,com,any,acquittance, 
ly,con,new,acreage, 
lp,cot,work,acrid, 
lt,cow,part,acrimonious, 
ln,coy,take,acrimony, 
lm,cry,get,actionable, 
lb,cue,place,actuality, 
ma,cur,made,actuary, 
me,cut,live,actuate, 
mi,cyc,where,acumen, 
mo,day,after,acute, 
mu,dea,back,adamant, 
my,dep,little,addendum, 
ph,der,only,addle, 
mp,des,round,adduce, 
mn,dia,man,adhere, 
na,dict,year,adherence, 
no,dip,came,adherent, 
nu,dir,show,adhesion, 
ni,dis,every,adieu, 
ny,dle,good,adjacency, 
nt,doe,me,adjacent, 
nd,dow,give,adjudge, 
oa,due,our,adjunct, 
oe,ead,under,adjuration, 
oi,ean,name,adjutant, 
ou,ear,very,administrator, 
oy,earn,through,admissible, 
ob,ease,just,admittance, 
oc,eat,form,admonish, 
od,eau,sentence,admonition, 
of,eck,great,ado, 
og,ect,think,adoration, 
oh,edg,say,adroit, 
ok,eed,help,adulterant, 
ol,eel,low,adulterate, 
om,een,line,adumbrate, 
on,eep,differ,advent, 
op,eer,turn,adverse, 
or,eet,cause,adversity, 
os,ege,much,advert, 
ot,eigh,mean,advertiser, 
ov,eir,before,advisory, 
ow,eith,move,advocacy, 
ox,eld,right,advocate, 
oz,ele,boy,aerial, 
pa,elf,old,aeronaut, 
pe,ell,too,aeronautics, 
pu,elle,same,aerostat, 
po,else,tell,aerostatics, 
py,emp,does,affable, 
pi,en,set,affect, 
pt,enc,three,affectation, 
ph,ench,want,affiliate, 
pr,end,air,affirmative, 
pl,eng,well,affix, 
qu,ens,also,affluence, 
que,ent,play,affront, 
ra,erb,small,afire, 
re,ere,end,afoot, 
ru,err,put,aforesaid, 
ro,erse,home,afresh, 
ry,ery,read,afterthought, 
ri,ery,hand,agglomerate, 
rt,ese,port,aggrandize, 
rl,esty,large,aggravate, 
rp,eta,spell,aggravation, 
rb,eto,add,aggregate, 
rn,ett,even,aggress, 
rm,ette,land,aggression, 
wr,eve,here,aggrieve, 
st,eves,must,aghast, 
sa,ewe,big,agile, 
se,ews,high,agitate, 
so,exe,such,agrarian, 
su,exp,follow,aide-de-camp, 
si,ext,act,ailment, 
sy,eye,why,airy, 
str,fav,ask,akin, 
sr,fea,men,alabaster, 
sp,fen,change,alacrity, 
sl,fer,went,albeit, 
sm,fet,light,albino, 
sn,few,kind,album, 
sc,fin,off,alchemy, 
sw,fit,need,alcohol, 
ta,foe,house,alcoholism, 
te,for,picture,alcove, 
ti,fro,try,alder, 
to,ful,us,alderman, 
tu,gain,again,aldermanship, 
ty,gam,animal,alias, 
tr,gen,point,alien, 
tre,ger,mother,alienable, 
ts,get,world,alienate, 
sts,gh,near,alienation, 
tl,ght,build,aliment, 
tw,gib,self,alkali, 
th,gin,earth,allay, 
sh,git,father,allege, 
ch,gna,head,allegory, 
ua,gno,stand,alleviate, 
ue,gob,own,alley, 
uo,gon,page,alliance, 
uv,got,should,allot, 
ui,gra,country,allotment, 
uy,gri,found,allude, 
ub,gro,answer,allusion, 
uc,gue,school,alluvion, 
uh,gun,grow,ally, 
ul,gut,study,almanac, 
um,had,still,aloof, 
un,hall,learn,altar, 
un,han,plant,alter, 
up,har,cover,alteration, 
ur,hare,food,altercate, 
us,has,sun,alternate, 
ut,hat,four,alternative, 
uv,hed,between,altitude, 
eq,hel,state,alto, 
aq,hem,keep,altruism, 
va,hen,eye,altruist, 
ve,her,never,amalgam, 
vi,here,last,amalgamate, 
vo,het,let,amateur, 
vu,hew,thought,amatory, 
vy,hey,city,ambidextrous, 
wa,hid,tree,ambiguous, 
we,hie,cross,ambitious, 
wi,him,farm,ambrosial, 
wo,his,hard,ambulance, 
wu,hit,start,ambulate, 
wy,hon,might,ambush, 
wr,hot,story,ameliorate, 
wh,how,saw,amenable, 
wh,hut,far,Americanism, 
xy,ial,sea,amicable, 
xa,ibe,draw,amity, 
xe,ich,left,amorous, 
xo,ick,late,amorphous, 
ix,ick,run,amour, 
ya,ict,don't,ampere, 
yo,ide,while,ampersand, 
yu,ief,press,amphibious, 
yn,ier,close,amphitheater, 
ym,iew,night,amplitude, 
yp,igh,real,amply, 
ze,ight,life,amputate, 
za,ign,few,amusement, 
zo,igo,north,anachronism, 
zu,ild,open,anagram, 
zy,ile,seem,analogous, 
,ilk,together,analogy, 
,ill,next,analyst, 
,ils,white,analyze, 
,ime,children,anarchy, 
,ims,begin,anathema, 
,in,got,anatomy, 
,inch,walk,ancestry, 
,ind,example,anecdote, 
,ine,ease,anemia, 
,ing,paper,anemic, 
,ingle,group,anemometer, 
,ink,always,anesthetic, 
,ins,music,anew, 
,int,those,angelic, 
,iny,both,Anglophobia, 
,ion,mark,Anglo-Saxon, 
,ior,often,angular, 
,ious,letter,anhydrous, 
,ipe,until,animadversion, 
,ips,mile,animadvert, 
,ird,river,animalcule, 
,ire,car,animate, 
,irst,feet,animosity, 
,iry,care,annalist, 
,ise,second,annals, 
,ism,book,annex, 
,iss,carry,annihilate, 
,ite,took,annotate, 
,ith,science,annual, 
,its,eat,annuity, 
,itt,room,annunciation, 
,ity,friend,anode, 
,ive,began,anonymous, 
,ize,idea,antagonism, 
,jack,fish,Antarctic, 
,jail,mountain,ante, 
,jay,stop,antecede, 
,joke,once,antecedent, 
,joy,base,antechamber, 
,kay,hear,antedate, 
,key,horse,antediluvian, 
,kin,cut,antemeridian, 
,kit,sure,antemundane, 
,kne,watch,antenatal, 
,kno,color,anterior, 
,lan,face,anteroom, 
,lat,wood,anthology, 
,late,main,anthracite, 
,law,enough,anthropology, 
,lay,plain,anthropomorphous, 
,lea,girl,antic, 
,lee,usual,Antichrist, 
,lei,young,anticlimax, 
,len,ready,anticyclone, 
,lent,above,antidote, 
,leo,ever,antilogy, 
,ler,red,antipathize, 
,let,list,antiphon, 
,lid,though,antiphony, 
,lie,feel,antipodes, 
,lin,talk,antiquary, 
,ling,bird,antiquate, 
,lit,soon,antique, 
,little,body,antiseptic, 
,lon,dog,antislavery, 
,lot,family,antispasmodic, 
,low,direct,antistrophe, 
,mad,pose,antitoxin, 
,mag,leave,antonym, 
,mal,song,anxious, 
,man,measure,apathy, 
,mas,door,aperture, 
,may,product,apex, 
,med,black,aphorism, 
,men,short,apiary, 
,mer,numeral,apogee, 
,met,class,apology, 
,mid,wind,apostasy, 
,mil,question,apostate, 
,mile,happen,apostle, 
,min,complete,apothecary, 
,mit,ship,apotheosis, 
,mon,area,appall, 
,mor,half,apparent, 
,most,rock,apparition, 
,mot,order,appease, 
,mow,fire,appellate, 
,nal,south,appellation, 
,nam,problem,append, 
,nat,piece,appertain, 
,ner,told,apposite, 
,net,knew,apposition, 
,new,pass,appraise, 
,nic,since,appreciable, 
,nit,top,apprehend, 
,nod,whole,apprehensible, 
,nom,king,approbation, 
,non,space,appropriate, 
,nor,heard,aqueduct, 
,now,best,aqueous, 
,nun,hour,arbiter, 
,oar,better,arbitrary, 
,oat,truer,arbitrate, 
,ock,during,arbor, 
,ode,hundred,arboreal, 
,oel,five,arborescent, 
,off,remember,arboretum, 
,oft,step,arboriculture, 
,oif,early,arcade, 
,oil,hold,archaic, 
,oin,west,archaism, 
,oir,ground,archangel, 
,old,interest,archbishop, 
,ole,reach,archdeacon, 
,olve,fast,archaeology, 
,ome,verb,archetype, 
,one,sing,archipelago, 
,ong,listen,ardent, 
,ont,six,ardor, 
,ood,table,arid, 
,ook,travel,aristocracy, 
,ool,less,aristocrat, 
,oor,morning,armada, 
,oot,ten,armful, 
,ord,simple,armory, 
,ore,several,aroma, 
,orld,vowel,arraign, 
,orn,toward,arrange, 
,ort,war,arrangement, 
,ost,lay,arrant, 
,ote,against,arrear, 
,oth,pattern,arrival, 
,oud,slow,arrogant, 
,ough,center,arrogate, 
,ought,love,Artesian, 
,ould,person,artful, 
,ound,money,Arthurian, 
,our,serve,artifice, 
,ous,appear,artless, 
,out,road,ascendant, 
,ove,map,ascension, 
,owe,rain,ascent, 
,own,rule,ascetic, 
,oxe,govern,ascribe, 
,pal,pull,asexual, 
,par,cold,ashen, 
,pas,notice,askance, 
,pat,voice,asperity, 
,pen,unit,aspirant, 
,peo,power,aspiration, 
,per,town,aspire, 
,pes,fine,assailant, 
,pet,certain,assassin, 
,pha,fly,assassinate, 
,phe,fall,assassination, 
,phi,lead,assay, 
,pho,cry,assent, 
,pic,dark,assess, 
,pie,machine,assessor, 
,pil,note,assets, 
,pin,wait,assiduous, 
,pit,plan,assignee, 
,ple,figure,assimilate, 
,pod,star,assonance, 
,poe,box,assonant, 
,pol,noun,assonate, 
,pon,field,assuage, 
,por,rest,astringent, 
,pot,correct,astute, 
,pra,able,atheism, 
,pre,pound,athirst, 
,pri,done,athwart, 
,put,beauty,atomizer, 
,qua,drive,atone, 
,que,stood,atonement, 
,qui,contain,atrocious, 
,quo,front,atrocity, 
,rad,teach,attache, 
,ral,week,attest, 
,ram,final,attorney-general, 
,rap,gave,auburn, 
,rat,green,audacious, 
,rea,oh,audible, 
,real,quick,audition, 
,red,develop,auditory, 
,ree,ocean,augment, 
,ref,warm,augur, 
,rem,free,Augustinian, 
,ren,minute,aura, 
,rep,strong,aural, 
,res,special,auricle, 
,rest,mind,auricular, 
,ret,behind,auriferous, 
,rian,clear,aurora, 
,rib,tail,auspice, 
,ric,produce,austere, 
,rie,fact,autarchy, 
,rim,street,authentic, 
,rin,inch,authenticity, 
,ris,multiply,autobiography, 
,rld,nothing,autocracy, 
,rob,course,autocrat, 
,rough,stay,automaton, 
,row,wheel,autonomous, 
,rst,full,autonomy, 
,rue,force,autopsy, 
,say,blue,autumnal, 
,sca,object,auxiliary, 
,sce,decide,avalanche, 
,sci,surface,avarice, 
,scr,deep,aver, 
,see,moon,averse, 
,sen,island,aversion, 
,sep,foot,avert, 
,set,system,aviary, 
,sha,busy,avidity, 
,she,test,avocation, 
,shi,record,avow, 
,sho,boat,awaken, 
,shu,common,awry, 
,sin,gold,aye, 
,sing,possible,azalea, 
,sip,plane,azure, 
,sit,stead,Baconian, 
,ska,dry,bacterium, 
,ske,wonder,badger, 
,slow,laugh,baffle, 
,some,thousand,bailiff, 
,son,ago,baize, 
,sow,ran,bale, 
,spe,check,baleful, 
,spi,game,ballad, 
,spo,shape,balsam, 
,spr,equate,banal, 
,sta,hot,barcarole, 
,ste,miss,barograph, 
,str,brought,barometer, 
,sup,heat,barring, 
,sur,snow,baritone, 
,susp,tire,bask, 
,sust,bring,bass, 
,syl,yes,baste, 
,sym,distant,baton, 
,syn,fill,battalion, 
,sys,east,batten, 
,tal,paint,batter, 
,tap,language,bauble, 
,tas,among,bawl, 
,tel,grand,beatify, 
,tell,ball,beatitude, 
,ten,yet,beau, 
,tep,wave,becalm, 
,ter,drop,beck, 
,tes,heart,bedaub, 
,tex,am,bedeck, 
,tha,present,bedlam, 
,that,heavy,befog, 
,the,dance,befriend, 
,theo,engine,beget, 
,they,position,begrudge, 
,thi,arm,belate, 
,thin,wide,belay, 
,thing,sail,belie, 
,tho,material,believe, 
,thou,size,belittle, 
,thr,vary,belle, 
,thre,settle,bellicose, 
,three,speak,belligerent, 
,tic,weight,bemoan, 
,tie,general,benediction, 
,til,ice,benefactor, 
,till,matter,benefice, 
,ting,circle,beneficent, 
,tion,pair,beneficial, 
,tip,include,beneficiary, 
,tle,divide,benefit, 
,ton,syllable,benevolence, 
,too,felt,benevolent, 
,tra,perhaps,benign, 
,tran,pick,benignant, 
,tre,sudden,benignity, 
,trea,count,benison, 
,trie,square,bequeath, 
,tro,reason,bereave, 
,tru,length,berth, 
,try,represent,beseech, 
,turn,art,beset, 
,tut,subject,besmear, 
,twe,region,bestial, 
,twi,energy,bestrew, 
,two,hunt,bestride, 
,ual,probable,bethink, 
,uas,bed,betide, 
,uch,brother,betimes, 
,ude,egg,betroth, 
,ues,ride,betrothal, 
,uite,cell,bevel, 
,ult,believe,bewilder, 
,ultra,fraction,bibliomania, 
,ump,forest,bibliography, 
,und,sit,bibliophile, 
,under,race,bibulous, 
,une,window,bide, 
,ung,store,biennial, 
,uni,summer,bier, 
,unp,train,bigamist, 
,unt,sleep,bigamy, 
,uos,prove,bight, 
,upon,lone,bilateral, 
,urb,leg,bilingual, 
,ure,exercise,biograph, 
,urn,wall,biography, 
,use,catch,biology, 
,ust,mount,biped, 
,ute,wish,birthright, 
,vac,sky,bitterness, 
,vail,board,blase, 
,val,joy,blaspheme, 
,var,winter,blatant, 
,veg,sat,blaze, 
,veil,written,blazon, 
,vel,wild,bleak, 
,ven,instrument,blemish, 
,ver,kept,blithe, 
,ves,glass,blithesome, 
,via,grass,blockade, 
,vial,cow,boatswain, 
,vid,job,bodice, 
,ville,edge,bodily, 
,vin,sign,boisterous, 
,vio,visit,bole, 
,vir,past,bolero, 
,vis,soft,boll, 
,vit,fun,bolster, 
,viv,bright,bomb, 
,vive,gas,bombard, 
,vivi,weather,bombardier, 
,voc,month,bombast, 
,voi,million,boorish, 
,vol,bear,bore, 
,vor,finish,borough, 
,vot,happy,bosom, 
,vow,hope,botanical, 
,waddle,flower,botanize, 
,wan,clothe,botany, 
,war,strange,bountiful, 
,ward,gone,Bowdlerize, 
,was,jump,bowler, 
,wat,baby,boycott, 
,wave,eight,brae, 
,wax,village,braggart, 
,way,meet,brandish, 
,wea,root,bravado, 
,wear,buy,bravo, 
,wee,raise,bray, 
,well,solve,braze, 
,wen,metal,brazier, 
,wer,whether,breach, 
,were,push,breaker, 
,wes,seven,breech, 
,wha,paragraph,brethren, 
,what,third,brevity, 
,whe,shall,bric-a-brac, 
,whi,held,bridle, 
,who,hair,brigade, 
,why,describe,brigadier, 
,wie,cook,brigand, 
,win,floor,brimstone, 
,wir,either,brine, 
,wise,result,bristle, 
,wit,burn,Britannia, 
,wiz,hill,Briticism, 
,won,safe,brittle, 
,wor,cat,broach, 
,wra,century,broadcast, 
,wre,consider,brogan, 
,wri,type,brogue, 
,wro,law,brokerage, 
,wry,bit,bromine, 
,yea,coast,bronchitis, 
,you,copy,bronchus, 
,zea,phrase,brooch, 
,zed,silent,brotherhood, 
,zen,tall,browbeat, 
,zon,sand,brusque, 
,zoo,soil,buffoon, 
,,roll,buffoonery, 
,,temperature,bulbous, 
,,finger,bullock, 
,,industry,bulrush, 
,,value,bulwark, 
,,fight,bumper, 
,,lie,bumptious, 
,,beat,bungle, 
,,excite,buoyancy, 
,,natural,buoyant, 
,,view,bureau, 
,,sense,bureaucracy, 
,,ear,burgess, 
,,else,burgher, 
,,quite,burnish, 
,,broke,bursar, 
,,case,bustle, 
,,middle,butt, 
,,kill,butte, 
,,son,buttress, 
,,lake,by-law, 
,,moment,cabal, 
,,scale,cabalism, 
,,loud,cabinet, 
,,spring,cacophony, 
,,observe,cadaverous, 
,,child,cadence, 
,,straight,cadenza, 
,,consonant,caitiff, 
,,nation,cajole, 
,,dictionary,cajolery, 
,,milk,calculable, 
,,speed,calculus, 
,,method,callosity, 
,,organ,callow, 
,,pay,calorie, 
,,age,calumny, 
,,section,Calvary, 
,,dress,Calvinism, 
,,cloud,Calvinize, 
,,surprise,came, 
,,quiet,cameo, 
,,stone,campaign, 
,,tiny,Canaanite, 
,,climb,canary, 
,,cool,candid, 
,,design,candor, 
,,poor,canine, 
,,lot,canon, 
,,experiment,cant, 
,,bottom,cantata, 
,,key,canto, 
,,iron,cantonment, 
,,single,capacious, 
,,stick,capillary, 
,,flat,capitulate, 
,,twenty,caprice, 
,,skin,caption, 
,,smile,captious, 
,,crease,captivate, 
,,hole,carcass, 
,,trade,cardiac, 
,,melody,cardinal, 
,,trip,caret, 
,,office,caricature, 
,,receive,carnage, 
,,row,carnal, 
,,mouth,carnivorous, 
,,exact,carouse, 
,,symbol,carrion, 
,,die,cartilage, 
,,least,cartridge, 
,,trouble,caste, 
,,shout,castigate, 
,,except,casual, 
,,wrote,casualty, 
,,seed,cataclysm, 
,,tone,cataract, 
,,join,catastrophe, 
,,suggest,cathode, 
,,clean,Catholicism, 
,,break,catholicity, 
,,lady,cat-o-nine-tails, 
,,yard,caucus, 
,,rise,causal, 
,,bad,caustic, 
,,blow,cauterize, 
,,oil,cede, 
,,blood,censor, 
,,touch,censorious, 
,,grew,census, 
,,cent,centenary, 
,,mix,centiliter, 
,,team,centimeter, 
,,wire,centurion, 
,,cost,cereal, 
,,lost,ceremonial, 
,,brown,ceremonious, 
,,wear,cessation, 
,,garden,cession, 
,,equal,chagrin, 
,,sent,chameleon, 
,,choose,chancery, 
,,fell,chaos, 
,,fit,characteristic, 
,,flow,characterize, 
,,fair,charlatan, 
,,bank,chasm, 
,,collect,chasten, 
,,save,chastise, 
,,control,chastity, 
,,decimal,chateau, 
,,gentle,chattel, 
,,woman,check, 
,,captain,chiffon, 
,,practice,chivalry, 
,,separate,cholera, 
,,difficult,choleric, 
,,doctor,choral, 
,,please,Christ, 
,,protect,christen, 
,,noon,Christendom, 
,,whose,chromatic, 
,,locate,chronology, 
,,ring,chronometer, 
,,character,cipher, 
,,insect,circulate, 
,,caught,circumference, 
,,period,circumlocution, 
,,indicate,circumnavigate, 
,,radio,circumscribe, 
,,spoke,circumspect, 
,,atom,citadel, 
,,human,cite, 
,,history,claimant, 
,,effect,clairvoyance, 
,,electric,clamorous, 
,,expect,clan, 
,,crop,clandestine, 
,,modern,clangor, 
,,element,clarify, 
,,hit,clarion, 
,,student,classify, 
,,corner,clearance, 
,,party,clemency, 
,,supply,clement, 
,,bone,close-hauled, 
,,rail,clothier, 
,,imagine,clumsy, 
,,provide,coagulate, 
,,agree,coagulant, 
,,thus,coalescence, 
,,capital,coalition, 
,,won't,coddle, 
,,chair,codicil, 
,,danger,coerce, 
,,fruit,coercion, 
,,rich,coercive, 
,,thick,cogent, 
,,soldier,cognate, 
,,process,cognizant, 
,,operate,cohere, 
,,guess,cohesion, 
,,necessary,cohesive, 
,,sharp,coincide, 
,,wing,coincidence, 
,,create,coincident, 
,,neighbor,collaborate, 
,,wash,collapse, 
,,bat,collapsible, 
,,rather,colleague, 
,,crowd,collective, 
,,corn,collector, 
,,compare,collegian, 
,,poem,collide, 
,,string,collier, 
,,bell,collision, 
,,depend,colloquial, 
,,meat,colloquialism, 
,,rub,colloquy, 
,,tube,collusion, 
,,famous,colossus, 
,,dollar,comely, 
,,stream,comestible, 
,,fear,comical, 
,,sight,commemorate, 
,,thin,commentary, 
,,triangle,commingle, 
,,planet,commissariat, 
,,hurry,commission, 
,,chief,commitment, 
,,colony,committal, 
,,clock,commodity, 
,,mine,commotion, 
,,tie,commute, 
,,enter,comparable, 
,,major,comparative, 
,,fresh,comparison, 
,,search,compensate, 
,,send,competence, 
,,yellow,competent, 
,,gun,competitive, 
,,allow,competitor, 
,,print,complacence, 
,,dead,complacent, 
,,spot,complaisance, 
,,desert,complaisant, 
,,suit,complement, 
,,current,complex, 
,,lift,compliant, 
,,rose,complicate, 
,,continue,complication, 
,,block,complicity, 
,,chart,compliment, 
,,hat,component, 
,,sell,comport, 
,,success,composure, 
,,company,comprehensible, 
,,subtract,comprehension, 
,,event,comprehensive, 
,,particular,compress, 
,,deal,compressible, 
,,swim,compression, 
,,term,comprise, 
,,opposite,compulsion, 
,,wife,compulsory, 
,,shoe,compunction, 
,,shoulder,compute, 
,,spread,concede, 
,,arrange,conceit, 
,,camp,conceive, 
,,invent,concerto, 
,,cotton,concession, 
,,born,conciliate, 
,,determine,conciliatory, 
,,quart,conclusive, 
,,nine,concord, 
,,truck,concordance, 
,,noise,concur, 
,,level,concurrence, 
,,chance,concurrent, 
,,gather,concussion, 
,,shop,condensation, 
,,stretch,condense, 
,,throw,condescend, 
,,shine,condolence, 
,,property,conduce, 
,,column,conducive, 
,,molecule,conductible, 
,,select,conduit, 
,,wrong,confectionery, 
,,gray,confederacy, 
,,repeat,confederate, 
,,require,confer, 
,,broad,conferee, 
,,prepare,confessor, 
,,salt,confidant, 
,,nose,confide, 
,,plural,confidence, 
,,anger,confident, 
,,claim,confinement, 
,,continent,confiscate, 
,,oxygen,conflagration, 
,,sugar,confluence, 
,,death,confluent, 
,,pretty,conformance, 
,,skill,conformable, 
,,women,conformation, 
,,season,conformity, 
,,solution,confront, 
,,magnet,congeal, 
,,silver,congenial, 
,,thank,congest, 
,,branch,congregate, 
,,match,coniferous, 
,,suffix,conjecture, 
,,especially,conjoin, 
,,fig,conjugal, 
,,afraid,conjugate, 
,,huge,conjugation, 
,,sister,conjunction, 
,,steel,connive, 
,,discuss,connoisseur, 
,,forward,connote, 
,,similar,connubial, 
,,guide,conquer, 
,,experience,consanguineous, 
,,score,conscience, 
,,apple,conscientious, 
,,bought,conscious, 
,,led,conscript, 
,,pitch,consecrate, 
,,coat,consecutive, 
,,mass,consensus, 
,,card,conservatism, 
,,band,conservative, 
,,rope,conservatory, 
,,slip,consign, 
,,win,consignee, 
,,dream,consignor, 
,,evening,consistency, 
,,condition,console, 
,,feed,consolidate, 
,,tool,consonance, 
,,total,consonant, 
,,basic,consort, 
,,smell,conspicuous, 
,,valley,conspirator, 
,,nor,conspire, 
,,double,constable, 
,,seat,constellation, 
,,arrive,consternation, 
,,master,constituency, 
,,track,constituent, 
,,parent,constrict, 
,,shore,consul, 
,,division,consulate, 
,,sheet,consummate, 
,,substance,consumption, 
,,favor,consumptive, 
,,connect,contagion, 
,,post,contagious, 
,,spend,contaminate, 
,,chord,contemplate, 
,,fat,contemporaneous, 
,,glad,contemporary, 
,,original,contemptible, 
,,share,contemptuous, 
,,station,contender, 
,,dad,contiguity, 
,,bread,contiguous, 
,,charge,continence, 
,,proper,contingency, 
,,bar,contingent, 
,,offer,continuance, 
,,segment,continuation, 
,,slave,continuity, 
,,duck,continuous, 
,,instant,contort, 
,,market,contraband, 
,,degree,contradiction, 
,,populate,contradictory, 
,,chick,contraposition, 
,,dear,contravene, 
,,enemy,contribution, 
,,reply,contributor, 
,,drink,contrite, 
,,occur,contrivance, 
,,support,contrive, 
,,speech,control, 
,,nature,controller, 
,,range,contumacious, 
,,steam,contumacy, 
,,motion,contuse, 
,,path,contusion, 
,,liquid,convalesce, 
,,log,convalescence, 
,,meant,convalescent, 
,,quotient,convene, 
,,teeth,convenience, 
,,shell,converge, 
,,neck,convergent, 
,,,conversant, 
,,,conversion, 
,,,convertible, 
,,,convex, 
,,,conveyance, 
,,,convivial, 
,,,convolution, 
,,,convolve, 
,,,convoy, 
,,,convulse, 
,,,convulsion, 
,,,copious, 
,,,coquette, 
,,,cornice, 
,,,cornucopia, 
,,,corollary, 
,,,coronation, 
,,,coronet, 
,,,corporal, 
,,,corporate, 
,,,corporeal, 
,,,corps, 
,,,corpse, 
,,,corpulent, 
,,,corpuscle, 
,,,correlate, 
,,,correlative, 
,,,corrigible, 
,,,corroborate, 
,,,corroboration, 
,,,corrode, 
,,,corrosion, 
,,,corrosive, 
,,,corruptible, 
,,,corruption, 
,,,cosmetic, 
,,,cosmic, 
,,,cosmogony, 
,,,cosmography, 
,,,cosmology, 
,,,cosmopolitan, 
,,,cosmopolitanism, 
,,,cosmos, 
,,,counter-claim, 
,,,counteract, 
,,,counterbalance, 
,,,countercharge, 
,,,counterfeit, 
,,,counterpart, 
,,,countervail, 
,,,counting-house, 
,,,countryman, 
,,,courageous, 
,,,course, 
,,,courser, 
,,,courtesy, 
,,,covenant, 
,,,covert, 
,,,covey, 
,,,cower, 
,,,coxswain, 
,,,crag, 
,,,cranium, 
,,,crass, 
,,,craving, 
,,,creak, 
,,,creamery, 
,,,creamy, 
,,,credence, 
,,,credible, 
,,,credulous, 
,,,creed, 
,,,crematory, 
,,,crevasse, 
,,,crevice, 
,,,criterion, 
,,,critique, 
,,,crockery, 
,,,crucible, 
,,,crusade, 
,,,crustacean, 
,,,crustaceous, 
,,,cryptogram, 
,,,crystallize, 
,,,cudgel, 
,,,culinary, 
,,,cull, 
,,,culpable, 
,,,culprit, 
,,,culvert, 
,,,cupidity, 
,,,curable, 
,,,curator, 
,,,curio, 
,,,cursive, 
,,,cursory, 
,,,curt, 
,,,curtail, 
,,,curtsy, 
,,,cycloid, 
,,,cygnet, 
,,,cynical, 
,,,cynicism, 
,,,cynosure, 
,,,daring, 
,,,darkling, 
,,,Darwinism, 
,,,dastard, 
,,,datum, 
,,,dauntless, 
,,,day-man, 
,,,dead-heat, 
,,,dearth, 
,,,death's-head, 
,,,debase, 
,,,debatable, 
,,,debonair, 
,,,debut, 
,,,decagon, 
,,,decagram, 
,,,decaliter, 
,,,decalogue, 
,,,Decameron, 
,,,decameter, 
,,,decamp, 
,,,decapitate, 
,,,decapod, 
,,,decasyllable, 
,,,deceit, 
,,,deceitful, 
,,,deceive, 
,,,decency, 
,,,decent, 
,,,deciduous, 
,,,decimal, 
,,,decimate, 
,,,decipher, 
,,,decisive, 
,,,declamation, 
,,,declamatory, 
,,,declarative, 
,,,declension, 
,,,decorate, 
,,,decorous, 
,,,decoy, 
,,,decrepit, 
,,,dedication, 
,,,deduce, 
,,,deface, 
,,,defalcate, 
,,,defamation, 
,,,defame, 
,,,default, 
,,,defendant, 
,,,defensible, 
,,,defensive, 
,,,defer, 
,,,deference, 
,,,defiant, 
,,,deficiency, 
,,,deficient, 
,,,definite, 
,,,deflect, 
,,,deforest, 
,,,deform, 
,,,deformity, 
,,,defraud, 
,,,defray, 
,,,degeneracy, 
,,,degenerate, 
,,,degradation, 
,,,degrade, 
,,,dehydrate, 
,,,deify, 
,,,deign, 
,,,deist, 
,,,deity, 
,,,deject, 
,,,dejection, 
,,,delectable, 
,,,delectation, 
,,,deleterious, 
,,,delicacy, 
,,,delineate, 
,,,deliquesce, 
,,,delirious, 
,,,delude, 
,,,deluge, 
,,,delusion, 
,,,demagnetize, 
,,,demagogue, 
,,,demeanor, 
,,,demented, 
,,,demerit, 
,,,demise, 
,,,demobilize, 
,,,demolish, 
,,,demonstrable, 
,,,demonstrate, 
,,,demonstrative, 
,,,demonstrator, 
,,,demulcent, 
,,,demurrage, 
,,,dendroid, 
,,,dendrology, 
,,,denizen, 
,,,denominate, 
,,,denomination, 
,,,denominator, 
,,,denote, 
,,,denouement, 
,,,denounce, 
,,,dentifrice, 
,,,denude, 
,,,denunciation, 
,,,deplete, 
,,,deplorable, 
,,,deplore, 
,,,deponent, 
,,,depopulate, 
,,,deport, 
,,,deportment, 
,,,deposition, 
,,,depositor, 
,,,depository, 
,,,deprave, 
,,,deprecate, 
,,,depreciate, 
,,,depreciation, 
,,,depress, 
,,,depression, 
,,,depth, 
,,,derelict, 
,,,deride, 
,,,derisible, 
,,,derision, 
,,,derivation, 
,,,derivative, 
,,,derive, 
,,,dermatology, 
,,,derrick, 
,,,descendant, 
,,,descendent, 
,,,descent, 
,,,descry, 
,,,desert, 
,,,desiccant, 
,,,designate, 
,,,desist, 
,,,desistance, 
,,,despair, 
,,,desperado, 
,,,desperate, 
,,,despicable, 
,,,despite, 
,,,despond, 
,,,despondent, 
,,,despot, 
,,,despotism, 
,,,destitute, 
,,,desultory, 
,,,deter, 
,,,deteriorate, 
,,,determinate, 
,,,determination, 
,,,deterrent, 
,,,detest, 
,,,detract, 
,,,detriment, 
,,,detrude, 
,,,deviate, 
,,,devilry, 
,,,deviltry, 
,,,devious, 
,,,devise, 
,,,devout, 
,,,dexterity, 
,,,diabolic, 
,,,diacritical, 
,,,diagnose, 
,,,diagnosis, 
,,,dialect, 
,,,dialectician, 
,,,dialogue, 
,,,diaphanous, 
,,,diatomic, 
,,,diatribe, 
,,,dictum, 
,,,didactic, 
,,,difference, 
,,,differentia, 
,,,differential, 
,,,differentiate, 
,,,diffidence, 
,,,diffident, 
,,,diffusible, 
,,,diffusion, 
,,,dignitary, 
,,,digraph, 
,,,digress, 
,,,dilapidated, 
,,,dilate, 
,,,dilatory, 
,,,dilemma, 
,,,dilettante, 
,,,diligence, 
,,,dilute, 
,,,diminution, 
,,,dimly, 
,,,diphthong, 
,,,diplomacy, 
,,,diplomat, 
,,,diplomatic, 
,,,diplomatist, 
,,,disagree, 
,,,disallow, 
,,,disappear, 
,,,disappoint, 
,,,disapprove, 
,,,disarm, 
,,,disarrange, 
,,,disavow, 
,,,disavowal, 
,,,disbeliever, 
,,,disburden, 
,,,disburse, 
,,,discard, 
,,,discernible, 
,,,disciple, 
,,,disciplinary, 
,,,discipline, 
,,,disclaim, 
,,,discolor, 
,,,discomfit, 
,,,discomfort, 
,,,disconnect, 
,,,disconsolate, 
,,,discontinuance, 
,,,discord, 
,,,discountenance, 
,,,discover, 
,,,discredit, 
,,,discreet, 
,,,discrepant, 
,,,discriminate, 
,,,discursive, 
,,,discussion, 
,,,disenfranchise, 
,,,disengage, 
,,,disfavor, 
,,,disfigure, 
,,,dishabille, 
,,,dishonest, 
,,,disillusion, 
,,,disinfect, 
,,,disinfectant, 
,,,disinherit, 
,,,disinterested, 
,,,disjunctive, 
,,,dislocate, 
,,,dismissal, 
,,,dismount, 
,,,disobedience, 
,,,disobedient, 
,,,disown, 
,,,disparage, 
,,,disparity, 
,,,dispel, 
,,,dispensation, 
,,,displace, 
,,,dispossess, 
,,,disputation, 
,,,disqualify, 
,,,disquiet, 
,,,disregard, 
,,,disreputable, 
,,,disrepute, 
,,,disrobe, 
,,,disrupt, 
,,,dissatisfy, 
,,,dissect, 
,,,dissection, 
,,,dissemble, 
,,,disseminate, 
,,,dissension, 
,,,dissent, 
,,,dissentient, 
,,,dissentious, 
,,,dissertation, 
,,,disservice, 
,,,dissever, 
,,,dissimilar, 
,,,dissipate, 
,,,dissipation, 
,,,dissolute, 
,,,dissolution, 
,,,dissolve, 
,,,dissonance, 
,,,dissonant, 
,,,dissuade, 
,,,dissuasion, 
,,,disyllable, 
,,,distemper, 
,,,distend, 
,,,distensible, 
,,,distention, 
,,,distill, 
,,,distillation, 
,,,distiller, 
,,,distinction, 
,,,distort, 
,,,distrain, 
,,,distrainor, 
,,,distraught, 
,,,distrust, 
,,,disunion, 
,,,diurnal, 
,,,divagation, 
,,,divergent, 
,,,diverse, 
,,,diversion, 
,,,diversity, 
,,,divert, 
,,,divertible, 
,,,divest, 
,,,divination, 
,,,divinity, 
,,,divisible, 
,,,divisor, 
,,,divulge, 
,,,divulgence, 
,,,docile, 
,,,docket, 
,,,doe, 
,,,dogma, 
,,,dogmatic, 
,,,dogmatize, 
,,,doleful, 
,,,dolesome, 
,,,dolor, 
,,,dolorous, 
,,,domain, 
,,,domesticity, 
,,,domicile, 
,,,dominance, 
,,,dominant, 
,,,dominate, 
,,,domination, 
,,,domineer, 
,,,donate, 
,,,donator, 
,,,donee, 
,,,donor, 
,,,dormant, 
,,,doublet, 
,,,doubly, 
,,,dowry, 
,,,drachma, 
,,,dragnet, 
,,,dragoon, 
,,,drainage, 
,,,dramatist, 
,,,dramatize, 
,,,drastic, 
,,,drought, 
,,,drowsy, 
,,,drudgery, 
,,,dubious, 
,,,duckling, 
,,,ductile, 
,,,duet, 
,,,dun, 
,,,duplex, 
,,,duplicity, 
,,,durance, 
,,,duration, 
,,,duteous, 
,,,dutiable, 
,,,dutiful, 
,,,dwindle, 
,,,dyne, 
,,,earnest, 
,,,earthenware, 
,,,eatable, 
,,,ebullient, 
,,,eccentric, 
,,,eccentricity, 
,,,eclipse, 
,,,economize, 
,,,ecstasy, 
,,,ecstatic, 
,,,edible, 
,,,edict, 
,,,edify, 
,,,editorial, 
,,,educe, 
,,,efface, 
,,,effect, 
,,,effective, 
,,,effectual, 
,,,effeminacy, 
,,,effeminate, 
,,,effervesce, 
,,,effervescent, 
,,,effete, 
,,,efficacious, 
,,,efficacy, 
,,,efficiency, 
,,,efficient, 
,,,efflorescence, 
,,,efflorescent, 
,,,effluvium, 
,,,effrontery, 
,,,effulgence, 
,,,effuse, 
,,,effusion, 
,,,egoism, 
,,,egoist, 
,,,egotism, 
,,,egotist, 
,,,egregious, 
,,,egress, 
,,,eject, 
,,,elapse, 
,,,elasticity, 
,,,electrolysis, 
,,,electrotype, 
,,,elegy, 
,,,element, 
,,,elicit, 
,,,eligible, 
,,,eliminate, 
,,,Elizabethan, 
,,,elocution, 
,,,eloquent, 
,,,elucidate, 
,,,elude, 
,,,elusion, 
,,,emaciate, 
,,,emanate, 
,,,emancipate, 
,,,embargo, 
,,,embark, 
,,,embarrass, 
,,,embellish, 
,,,embezzle, 
,,,emblazon, 
,,,emblem, 
,,,embody, 
,,,embolden, 
,,,embolism, 
,,,embroil, 
,,,emerge, 
,,,emergence, 
,,,emergent, 
,,,emeritus, 
,,,emigrant, 
,,,emigrate, 
,,,eminence, 
,,,eminent, 
,,,emit, 
,,,emphasis, 
,,,emphasize, 
,,,emphatic, 
,,,employee, 
,,,employer, 
,,,emporium, 
,,,empower, 
,,,emulate, 
,,,enact, 
,,,enamor, 
,,,encamp, 
,,,encomium, 
,,,encompass, 
,,,encore, 
,,,encourage, 
,,,encroach, 
,,,encumber, 
,,,encyclical, 
,,,encyclopedia, 
,,,endanger, 
,,,endear, 
,,,endemic, 
,,,endue, 
,,,endurable, 
,,,endurance, 
,,,energetic, 
,,,enervate, 
,,,enfeeble, 
,,,enfranchise, 
,,,engender, 
,,,engrave, 
,,,engross, 
,,,enhance, 
,,,enigma, 
,,,enjoin, 
,,,enkindle, 
,,,enlighten, 
,,,enlist, 
,,,enmity, 
,,,ennoble, 
,,,enormity, 
,,,enormous, 
,,,enrage, 
,,,enrapture, 
,,,enshrine, 
,,,ensnare, 
,,,entail, 
,,,entangle, 
,,,enthrall, 
,,,enthrone, 
,,,enthuse, 
,,,enthusiastic, 
,,,entirety, 
,,,entomology, 
,,,entrails, 
,,,entreaty, 
,,,entree, 
,,,entrench, 
,,,entwine, 
,,,enumerate, 
,,,epic, 
,,,epicure, 
,,,Epicurean, 
,,,epicycle, 
,,,epicycloid, 
,,,epidemic, 
,,,epidermis, 
,,,epigram, 
,,,epilogue, 
,,,epiphany, 
,,,episode, 
,,,epitaph, 
,,,epithet, 
,,,epitome, 
,,,epizootic, 
,,,epoch, 
,,,epode, 
,,,equalize, 
,,,equanimity, 
,,,equestrian, 
,,,equilibrium, 
,,,equitable, 
,,,equity, 
,,,equivalent, 
,,,equivocal, 
,,,equivocate, 
,,,eradicate, 
,,,errant, 
,,,erratic, 
,,,erroneous, 
,,,erudite, 
,,,erudition, 
,,,eschew, 
,,,espy, 
,,,esquire, 
,,,essence, 
,,,esthetic, 
,,,estimable, 
,,,estrange, 
,,,estuary, 
,,,et, 
,,,eugenic, 
,,,eulogize, 
,,,eulogy, 
,,,euphemism, 
,,,euphonious, 
,,,euphony, 
,,,eureka, 
,,,evade, 
,,,evanesce, 
,,,evanescent, 
,,,evangelical, 
,,,evangelist, 
,,,evasion, 
,,,eventual, 
,,,evert, 
,,,evict, 
,,,evidential, 
,,,evince, 
,,,evoke, 
,,,evolution, 
,,,evolve, 
,,,exacerbate, 
,,,exaggerate, 
,,,exasperate, 
,,,excavate, 
,,,exceed, 
,,,excel, 
,,,excellence, 
,,,excellency, 
,,,excellent, 
,,,excerpt, 
,,,excess, 
,,,excitable, 
,,,excitation, 
,,,exclamation, 
,,,exclude, 
,,,exclusion, 
,,,excrescence, 
,,,excretion, 
,,,excruciate, 
,,,excursion, 
,,,excusable, 
,,,execrable, 
,,,execration, 
,,,executor, 
,,,exegesis, 
,,,exemplar, 
,,,exemplary, 
,,,exemplify, 
,,,exempt, 
,,,exert, 
,,,exhale, 
,,,exhaust, 
,,,exhaustible, 
,,,exhaustion, 
,,,exhaustive, 
,,,exhilarate, 
,,,exhume, 
,,,exigency, 
,,,exigent, 
,,,existence, 
,,,exit, 
,,,exodus, 
,,,exonerate, 
,,,exorbitance, 
,,,exorbitant, 
,,,exorcise, 
,,,exotic, 
,,,expand, 
,,,expanse, 
,,,expansion, 
,,,expatriate, 
,,,expect, 
,,,expectancy, 
,,,expectorate, 
,,,expediency, 
,,,expedient, 
,,,expedite, 
,,,expeditious, 
,,,expend, 
,,,expense, 
,,,expiate, 
,,,explicate, 
,,,explicit, 
,,,explode, 
,,,explosion, 
,,,explosive, 
,,,exposition, 
,,,expository, 
,,,expostulate, 
,,,exposure, 
,,,expressive, 
,,,expulsion, 
,,,extant, 
,,,extemporaneous, 
,,,extempore, 
,,,extensible, 
,,,extension, 
,,,extensive, 
,,,extensor, 
,,,extenuate, 
,,,exterior, 
,,,external, 
,,,extinct, 
,,,extinguish, 
,,,extol, 
,,,extort, 
,,,extortion, 
,,,extradite, 
,,,extradition, 
,,,extrajudicial, 
,,,extraneous, 
,,,extraordinary, 
,,,extravagance, 
,,,extravagant, 
,,,extremist, 
,,,extremity, 
,,,extricate, 
,,,extrude, 
,,,exuberance, 
,,,exuberant, 
,,,fabricate, 
,,,fabulous, 
,,,facet, 
,,,facetious, 
,,,facial, 
,,,facile, 
,,,facilitate, 
,,,facility, 
,,,facsimile, 
,,,faction, 
,,,factious, 
,,,fallacious, 
,,,fallacy, 
,,,fallible, 
,,,fallow, 
,,,famish, 
,,,fanatic, 
,,,fancier, 
,,,fanciless, 
,,,fastidious, 
,,,fathom, 
,,,fatuous, 
,,,faulty, 
,,,faun, 
,,,fawn, 
,,,fealty, 
,,,feasible, 
,,,federate, 
,,,feint, 
,,,felicitate, 
,,,felicity, 
,,,felon, 
,,,felonious, 
,,,felony, 
,,,feminine, 
,,,fernery, 
,,,ferocious, 
,,,ferocity, 
,,,fervent, 
,,,fervid, 
,,,fervor, 
,,,festal, 
,,,festive, 
,,,fete, 
,,,fetus, 
,,,feudal, 
,,,feudalism, 
,,,fez, 
,,,fiasco, 
,,,fickle, 
,,,fictitious, 
,,,fidelity, 
,,,fiducial, 
,,,fief, 
,,,filibuster, 
,,,finale, 
,,,finality, 
,,,finally, 
,,,financial, 
,,,financier, 
,,,finery, 
,,,finesse, 
,,,finite, 
,,,fiscal, 
,,,fishmonger, 
,,,fissure, 
,,,fitful, 
,,,fixture, 
,,,flag-officer, 
,,,flagrant, 
,,,flamboyant, 
,,,flatulence, 
,,,flection, 
,,,fledgling, 
,,,flexible, 
,,,flimsy, 
,,,flippant, 
,,,floe, 
,,,flora, 
,,,floral, 
,,,florid, 
,,,florist, 
,,,fluctuate, 
,,,fluctuation, 
,,,flue, 
,,,fluent, 
,,,fluential, 
,,,flux, 
,,,foggy, 
,,,foible, 
,,,foist, 
,,,foliage, 
,,,folio, 
,,,folk-lore, 
,,,fondle, 
,,,foolery, 
,,,foot-note, 
,,,foppery, 
,,,foppish, 
,,,forbearance, 
,,,forby, 
,,,forcible, 
,,,forecourt, 
,,,forejudge, 
,,,forepeak, 
,,,foreshore, 
,,,forebode, 
,,,forecast, 
,,,forecastle, 
,,,foreclose, 
,,,forefather, 
,,,forego, 
,,,foreground, 
,,,forehead, 
,,,foreign, 
,,,foreigner, 
,,,foreknowledge, 
,,,foreman, 
,,,foreordain, 
,,,foreordination, 
,,,forerun, 
,,,foresail, 
,,,foresee, 
,,,foresight, 
,,,foretell, 
,,,forethought, 
,,,forfeit, 
,,,forfend, 
,,,forgery, 
,,,forgo, 
,,,formation, 
,,,formidable, 
,,,formula, 
,,,forswear, 
,,,forte, 
,,,forth, 
,,,forthright, 
,,,fortify, 
,,,fortitude, 
,,,foursome, 
,,,fracture, 
,,,fragile, 
,,,frailty, 
,,,fragile, 
,,,frankincense, 
,,,frantic, 
,,,fraternal, 
,,,fraudulence, 
,,,fraudulent, 
,,,fray, 
,,,freemason, 
,,,freethinker, 
,,,free, 
,,,frequency, 
,,,fresco, 
,,,freshness, 
,,,fretful, 
,,,frightful, 
,,,frigid, 
,,,frigidarium, 
,,,frivolity, 
,,,frivolous, 
,,,frizz, 
,,,frizzle, 
,,,frolicsome, 
,,,frontier, 
,,,frowzy, 
,,,frugal, 
,,,fruition, 
,,,fugacious, 
,,,fulcrum, 
,,,fulminate, 
,,,fulsome, 
,,,fumigate, 
,,,functionary, 
,,,fundamental, 
,,,fungible, 
,,,fungous, 
,,,fungus, 
,,,furbish, 
,,,furlong, 
,,,furlough, 
,,,furrier, 
,,,further, 
,,,furtherance, 
,,,furtive, 
,,,fuse, 
,,,fusible, 
,,,futile, 
,,,futurist, 
,,,gauge, 
,,,gaiety, 
,,,gaily, 
,,,gait, 
,,,gallant, 
,,,galore, 
,,,galvanic, 
,,,galvanism, 
,,,galvanize, 
,,,gamble, 
,,,gambol, 
,,,gamester, 
,,,gamut, 
,,,garnish, 
,,,garrison, 
,,,garrote, 
,,,garrulous, 
,,,gaseous, 
,,,gastric, 
,,,gastritis, 
,,,gastronomy, 
,,,gendarme, 
,,,genealogy, 
,,,genealogist, 
,,,generality, 
,,,generalize, 
,,,generally, 
,,,generate, 
,,,generic, 
,,,generosity, 
,,,genesis, 
,,,geniality, 
,,,genital, 
,,,genitive, 
,,,genteel, 
,,,gentile, 
,,,geology, 
,,,germane, 
,,,germinate, 
,,,gestation, 
,,,gesticulate, 
,,,gesture, 
,,,ghastly, 
,,,gibe, 
,,,giddy, 
,,,gigantic, 
,,,giver, 
,,,glacial, 
,,,glacier, 
,,,gladden, 
,,,glazier, 
,,,glimmer, 
,,,glimpse, 
,,,globose, 
,,,globular, 
,,,glorious, 
,,,glutinous, 
,,,gluttonous, 
,,,gnash, 
,,,Gordian, 
,,,gourmand, 
,,,gosling, 
,,,gossamer, 
,,,gourd, 
,,,graceless, 
,,,gradation, 
,,,gradient, 
,,,granary, 
,,,grandeur, 
,,,grandiloquent, 
,,,grandiose, 
,,,grantee, 
,,,grantor, 
,,,granular, 
,,,granulate, 
,,,granule, 
,,,grapple, 
,,,gratification, 
,,,gratify, 
,,,gratuitous, 
,,,gratuity, 
,,,gravity, 
,,,gregarious, 
,,,grenadier, 
,,,grief, 
,,,grievance, 
,,,grievous, 
,,,grimace, 
,,,grindstone, 
,,,grisly, 
,,,grotesque, 
,,,grotto, 
,,,ground, 
,,,guess, 
,,,guile, 
,,,guileless, 
,,,guinea, 
,,,guise, 
,,,gullible, 
,,,gumption, 
,,,gusto, 
,,,guy, 
,,,guzzle, 
,,,gynecocracy, 
,,,gynecology, 
,,,gyrate, 
,,,gyroscope, 
,,,habitable, 
,,,habitant, 
,,,habitual, 
,,,habitude, 
,,,hackney, 
,,,haggard, 
,,,halcyon, 
,,,hale, 
,,,handwriting, 
,,,hanger-on, 
,,,happy-go-lucky, 
,,,harangue, 
,,,harass, 
,,,harbinger, 
,,,hard-hearted, 
,,,hardihood, 
,,,harmonious, 
,,,havoc, 
,,,hawthorn, 
,,,hazard, 
,,,head, 
,,,head, 
,,,heartrending, 
,,,heathenish, 
,,,heedless, 
,,,heifer, 
,,,heinous, 
,,,hemorrhage, 
,,,hemorrhoids, 
,,,henchman, 
,,,henpeck, 
,,,heptagon, 
,,,heptarchy, 
,,,herbaceous, 
,,,herbarium, 
,,,herbivorous, 
,,,hereditary, 
,,,heredity, 
,,,heresy, 
,,,heretic, 
,,,heritage, 
,,,hernia, 
,,,hesitancy, 
,,,hesitant, 
,,,hesitation, 
,,,heterodox, 
,,,heterogeneity, 
,,,heterogeneous, 
,,,heteromorphic, 
,,,hexangular, 
,,,hexapod, 
,,,hexagon, 
,,,hiatus, 
,,,hibernal, 
,,,Hibernian, 
,,,hideous, 
,,,hilarious, 
,,,hillock, 
,,,hinder, 
,,,hindmost, 
,,,hindrance, 
,,,hirsute, 
,,,hoard, 
,,,hoarse, 
,,,homage, 
,,,homogeneity, 
,,,homogeneous, 
,,,homologous, 
,,,homonym, 
,,,homophone, 
,,,honorarium, 
,,,hoodwink, 
,,,horde, 
,,,hosiery, 
,,,hospitable, 
,,,hospitality, 
,,,hostility, 
,,,huckster, 
,,,humane, 
,,,humanitarian, 
,,,humanize, 
,,,humbug, 
,,,humiliate, 
,,,hussar, 
,,,hustle, 
,,,hybrid, 
,,,hydra, 
,,,hydraulic, 
,,,hydrodynamics, 
,,,hydroelectric, 
,,,hydromechanics, 
,,,hydrometer, 
,,,hydrostatics, 
,,,hydrous, 
,,,hygiene, 
,,,hypercritical, 
,,,hypnosis, 
,,,hypnotic, 
,,,hypnotism, 
,,,hypnotize, 
,,,hypocrisy, 
,,,hypocrite, 
,,,hypodermic, 
,,,hypotenuse, 
,,,hypothesis, 
,,,hysteria, 
,,,ichthyic, 
,,,ichthyology, 
,,,ichthyosaurs, 
,,,icily, 
,,,iciness, 
,,,icon, 
,,,iconoclast, 
,,,idealize, 
,,,idiom, 
,,,idiosyncrasy, 
,,,idolize, 
,,,ignoble, 
,,,ignominious, 
,,,Iliad, 
,,,illegal, 
,,,illegible, 
,,,illegitimate, 
,,,illiberal, 
,,,illicit, 
,,,illimitable, 
,,,illiterate, 
,,,ill-natured, 
,,,illogical, 
,,,illuminant, 
,,,illuminate, 
,,,illumine, 
,,,illusion, 
,,,illusive, 
,,,illusory, 
,,,imaginable, 
,,,imaginary, 
,,,imbibe, 
,,,imbroglio, 
,,,imbrue, 
,,,imitation, 
,,,imitator, 
,,,immaculate, 
,,,immaterial, 
,,,immature, 
,,,immeasurable, 
,,,immense, 
,,,immerse, 
,,,immersion, 
,,,immigrant, 
,,,immigrate, 
,,,imminence, 
,,,imminent, 
,,,immiscible, 
,,,immoral, 
,,,immortalize, 
,,,immovable, 
,,,immune, 
,,,immutable, 
,,,impair, 
,,,impalpable, 
,,,impartial, 
,,,impassable, 
,,,impassible, 
,,,impassive, 
,,,impatience, 
,,,impeccable, 
,,,impecunious, 
,,,impede, 
,,,impel, 
,,,impend, 
,,,imperative, 
,,,imperceptible, 
,,,imperfectible, 
,,,imperil, 
,,,imperious, 
,,,impermissible, 
,,,impersonal, 
,,,impersonate, 
,,,impersuadable, 
,,,impertinence, 
,,,imperturbable, 
,,,impervious, 
,,,impetuosity, 
,,,impetuous, 
,,,impetus, 
,,,impiety, 
,,,impious, 
,,,implausible, 
,,,impliable, 
,,,implicate, 
,,,implicit, 
,,,imply, 
,,,impolitic, 
,,,importation, 
,,,importunate, 
,,,importune, 
,,,impotent, 
,,,impoverish, 
,,,impracticable, 
,,,impregnable, 
,,,impregnate, 
,,,impromptu, 
,,,improper, 
,,,impropriety, 
,,,improvident, 
,,,improvise, 
,,,imprudent, 
,,,impudence, 
,,,impugn, 
,,,impulsion, 
,,,impulsive, 
,,,impunity, 
,,,impure, 
,,,impute, 
,,,inaccessible, 
,,,inaccurate, 
,,,inactive, 
,,,inadequate, 
,,,inadmissible, 
,,,inadvertent, 
,,,inadvisable, 
,,,inane, 
,,,inanimate, 
,,,inapprehensible, 
,,,inapt, 
,,,inarticulate, 
,,,inaudible, 
,,,inborn, 
,,,inbred, 
,,,incandescence, 
,,,incandescent, 
,,,incapacitate, 
,,,incapacity, 
,,,incarcerate, 
,,,incendiary, 
,,,incentive, 
,,,inception, 
,,,inceptive, 
,,,incessant, 
,,,inchmeal, 
,,,inchoate, 
,,,inchoative, 
,,,incidence, 
,,,incident, 
,,,incidentally, 
,,,incinerate, 
,,,incipience, 
,,,incipient, 
,,,incisor, 
,,,incite, 
,,,incitement, 
,,,incoercible, 
,,,incoherence, 
,,,incoherent, 
,,,incombustible, 
,,,incomparable, 
,,,incompatible, 
,,,incompetence, 
,,,incompetent, 
,,,incomplete, 
,,,incomprehensible, 
,,,incompressible, 
,,,inconceivable, 
,,,incongruous, 
,,,inconsequential, 
,,,inconsiderable, 
,,,inconsistent, 
,,,inconstant, 
,,,incontrovertible, 
,,,inconvenient, 
,,,indefensible, 
,,,indefinitely, 
,,,indelible, 
,,,indescribable, 
,,,indestructible, 
,,,indicant, 
,,,indicator, 
,,,indict, 
,,,indigence, 
,,,indigenous, 
,,,indigent, 
,,,indigestible, 
,,,indigestion, 
,,,indignant, 
,,,indignity, 
,,,indiscernible, 
,,,indiscreet, 
,,,indiscriminate, 
,,,indispensable, 
,,,indistinct, 
,,,indivertible, 
,,,indivisible, 
,,,indolence, 
,,,indolent, 
,,,indomitable, 
,,,induct, 
,,,indulgence, 
,,,indulgent, 
,,,inebriate, 
,,,inedible, 
,,,ineffable, 
,,,inefficient, 
,,,inefficiency, 
,,,ineligible, 
,,,inept, 
,,,inert, 
,,,inestimable, 
,,,inevitable, 
,,,inexcusable, 
,,,inexhaustible, 
,,,inexorable, 
,,,inexpedient, 
,,,inexpensive, 
,,,inexperience, 
,,,inexplicable, 
,,,inexpressible, 
,,,inextensible, 
,,,infallible, 
,,,infamous, 
,,,infamy, 
,,,inference, 
,,,infernal, 
,,,infest, 
,,,infidel, 
,,,infidelity, 
,,,infinite, 
,,,infinity, 
,,,infirm, 
,,,infirmary, 
,,,infirmity, 
,,,inflammable, 
,,,inflammation, 
,,,inflexible, 
,,,influence, 
,,,influential, 
,,,influx, 
,,,infrequence, 
,,,infrequent, 
,,,infringe, 
,,,infuse, 
,,,infusion, 
,,,ingenious, 
,,,ingenuity, 
,,,ingenuous, 
,,,inglorious, 
,,,ingraft, 
,,,ingratiate, 
,,,ingratitude, 
,,,ingredient, 
,,,inherence, 
,,,inherent, 
,,,inhibit, 
,,,inhospitable, 
,,,inhuman, 
,,,inhume, 
,,,inimical, 
,,,iniquity, 
,,,initiate, 
,,,inject, 
,,,injunction, 
,,,inkling, 
,,,inland, 
,,,inlet, 
,,,inmost, 
,,,innocuous, 
,,,innovate, 
,,,innuendo, 
,,,innumerable, 
,,,inoffensive, 
,,,inopportune, 
,,,inquire, 
,,,inquisition, 
,,,inquisitive, 
,,,inquisitor, 
,,,inroad, 
,,,insatiable, 
,,,inscribe, 
,,,inscrutable, 
,,,insecure, 
,,,insensible, 
,,,insentient, 
,,,inseparable, 
,,,insidious, 
,,,insight, 
,,,insignificance, 
,,,insignificant, 
,,,insinuate, 
,,,insipid, 
,,,insistence, 
,,,insistent, 
,,,insolence, 
,,,insolent, 
,,,insomnia, 
,,,inspector, 
,,,instance, 
,,,instant, 
,,,instantaneous, 
,,,instigate, 
,,,instigator, 
,,,instill, 
,,,instructive, 
,,,insufficiency, 
,,,insufficient, 
,,,insular, 
,,,insulate, 
,,,insuperable, 
,,,insuppressible, 
,,,insurgence, 
,,,insurgent, 
,,,insurrection, 
,,,intangible, 
,,,integrity, 
,,,intellect, 
,,,intellectual, 
,,,intelligence, 
,,,intelligible, 
,,,intemperance, 
,,,intension, 
,,,intensive, 
,,,intention, 
,,,interact, 
,,,intercede, 
,,,intercept, 
,,,intercession, 
,,,intercessor, 
,,,interdict, 
,,,interim, 
,,,interlocutor, 
,,,interlude, 
,,,intermediate, 
,,,interminable, 
,,,intermission, 
,,,intermit, 
,,,intermittent, 
,,,interpolation, 
,,,interpose, 
,,,interposition, 
,,,interpreter, 
,,,interrogate, 
,,,interrogative, 
,,,interrogatory, 
,,,interrupt, 
,,,intersect, 
,,,intervale, 
,,,intervene, 
,,,intestacy, 
,,,intestate, 
,,,intestine, 
,,,intimacy, 
,,,intimidate, 
,,,intolerable, 
,,,intolerance, 
,,,intolerant, 
,,,intoxicant, 
,,,intoxicate, 
,,,intracellular, 
,,,intramural, 
,,,intrepid, 
,,,intricacy, 
,,,intricate, 
,,,intrigue, 
,,,intrinsic, 
,,,introductory, 
,,,introgression, 
,,,intromit, 
,,,introspect, 
,,,introspection, 
,,,introversion, 
,,,introvert, 
,,,intrude, 
,,,intrusion, 
,,,intuition, 
,,,inundate, 
,,,inundation, 
,,,inure, 
,,,invalid, 
,,,invalid, 
,,,invalidate, 
,,,invaluable, 
,,,invariable, 
,,,invasion, 
,,,invective, 
,,,inveigh, 
,,,inventive, 
,,,inverse, 
,,,inversion, 
,,,invert, 
,,,investigator, 
,,,investor, 
,,,inveterate, 
,,,invidious, 
,,,invigorate, 
,,,invincible, 
,,,inviolable, 
,,,invoke, 
,,,involuntary, 
,,,involution, 
,,,involve, 
,,,invulnerable, 
,,,inwardly, 
,,,iota, 
,,,irascible, 
,,,irate, 
,,,ire, 
,,,iridescence, 
,,,iridescent, 
,,,irk, 
,,,irksome, 
,,,irony, 
,,,irradiance, 
,,,irradiate, 
,,,irrational, 
,,,irreducible, 
,,,irrefragable, 
,,,irrefrangible, 
,,,irrelevant, 
,,,irreligious, 
,,,irreparable, 
,,,irrepressible, 
,,,irresistible, 
,,,irresponsible, 
,,,irreverence, 
,,,irreverent, 
,,,irreverential, 
,,,irreversible, 
,,,irrigant, 
,,,irrigate, 
,,,irritable, 
,,,irritancy, 
,,,irritant, 
,,,irritate, 
,,,irruption, 
,,,isle, 
,,,islet, 
,,,isobar, 
,,,isochronous, 
,,,isolate, 
,,,isothermal, 
,,,itinerant, 
,,,itinerary, 
,,,itinerate, 
,,,jargon, 
,,,jaundice, 
,,,jeopardize, 
,,,Jingo, 
,,,jocose, 
,,,jocular, 
,,,joggle, 
,,,journalize, 
,,,jovial, 
,,,jubilation, 
,,,judgment, 
,,,judicature, 
,,,judicial, 
,,,judiciary, 
,,,judicious, 
,,,juggle, 
,,,jugglery, 
,,,jugular, 
,,,juicy, 
,,,junction, 
,,,juncture, 
,,,junta, 
,,,juridical, 
,,,jurisdiction, 
,,,jurisprudence, 
,,,juror, 
,,,joust, 
,,,justification, 
,,,juvenile, 
,,,juxtapose, 
,,,keepsake, 
,,,kerchief, 
,,,kernel, 
,,,kiln, 
,,,kiloliter, 
,,,kilometer, 
,,,kilowatt, 
,,,kimono, 
,,,kind-hearted, 
,,,kingling, 
,,,kingship, 
,,,kinsfolk, 
,,,knavery, 
,,,knead, 
,,,knickknack, 
,,,knight, 
,,,knighthood, 
,,,laborious, 
,,,labyrinth, 
,,,lacerate, 
,,,lackadaisical, 
,,,lactation, 
,,,lacteal, 
,,,lactic, 
,,,laddie, 
,,,ladle, 
,,,laggard, 
,,,landholder, 
,,,landlord, 
,,,landmark, 
,,,landscape, 
,,,languid, 
,,,languor, 
,,,lapse, 
,,,lascivious, 
,,,lassie, 
,,,latent, 
,,,latency, 
,,,later, 
,,,lateral, 
,,,latish, 
,,,lattice, 
,,,laud, 
,,,laudable, 
,,,laudation, 
,,,laudatory, 
,,,laundress, 
,,,laureate, 
,,,lave, 
,,,lawgiver, 
,,,lawmaker, 
,,,lax, 
,,,laxative, 
,,,lea, 
,,,leaflet, 
,,,leaven, 
,,,leeward, 
,,,left-handed, 
,,,legacy, 
,,,legalize, 
,,,legging, 
,,,legible, 
,,,legionary, 
,,,legislate, 
,,,legislative, 
,,,legislator, 
,,,legitimacy, 
,,,legitimate, 
,,,leisure, 
,,,leniency, 
,,,lenient, 
,,,leonine, 
,,,lethargy, 
,,,levee, 
,,,lever, 
,,,leviathan, 
,,,levity, 
,,,levy, 
,,,lewd, 
,,,lexicographer, 
,,,lexicography, 
,,,lexicon, 
,,,liable, 
,,,libel, 
,,,liberalism, 
,,,liberate, 
,,,licentious, 
,,,licit, 
,,,liege, 
,,,lien, 
,,,lieu, 
,,,lifelike, 
,,,lifelong, 
,,,lifetime, 
,,,ligament, 
,,,ligature, 
,,,light-hearted, 
,,,ligneous, 
,,,likelihood, 
,,,likely, 
,,,liking, 
,,,limitation, 
,,,linear, 
,,,liner, 
,,,lingo, 
,,,lingua, 
,,,lingual, 
,,,linguist, 
,,,linguistics, 
,,,liniment, 
,,,liquefacient, 
,,,liquefy, 
,,,liqueur, 
,,,liquidate, 
,,,liquor, 
,,,listless, 
,,,literacy, 
,,,literal, 
,,,literature, 
,,,lithe, 
,,,lithesome, 
,,,lithograph, 
,,,lithotype, 
,,,litigant, 
,,,litigate, 
,,,litigious, 
,,,littoral, 
,,,liturgy, 
,,,livelihood, 
,,,livid, 
,,,loam, 
,,,loath, 
,,,loathe, 
,,,locative, 
,,,loch, 
,,,locomotion, 
,,,lode, 
,,,lodgment, 
,,,logic, 
,,,logical, 
,,,logician, 
,,,loiterer, 
,,,loneliness, 
,,,longevity, 
,,,loot, 
,,,loquacious, 
,,,lordling, 
,,,lough, 
,,,louse, 
,,,lovable, 
,,,low-spirited, 
,,,lowly, 
,,,lucid, 
,,,lucrative, 
,,,ludicrous, 
,,,luminary, 
,,,luminescent, 
,,,luminescence, 
,,,luminosity, 
,,,luminous, 
,,,lunacy, 
,,,lunar, 
,,,lunatic, 
,,,lune, 
,,,lurid, 
,,,luscious, 
,,,lustrous, 
,,,luxuriance, 
,,,luxuriant, 
,,,luxuriate, 
,,,lying, 
,,,lyre, 
,,,lyric, 
,,,macadamize, 
,,,machinery, 
,,,machinist, 
,,,macrocosm, 
,,,madden, 
,,,Madonna, 
,,,magician, 
,,,magisterial, 
,,,magistracy, 
,,,magnanimous, 
,,,magnate, 
,,,magnet, 
,,,magnetize, 
,,,magnificence, 
,,,magnificent, 
,,,magnitude, 
,,,maharaja, 
,,,maidenhood, 
,,,maintain, 
,,,maintenance, 
,,,maize, 
,,,makeup, 
,,,malady, 
,,,malaria, 
,,,malcontent, 
,,,malediction, 
,,,malefactor, 
,,,maleficent, 
,,,malevolence, 
,,,malevolent, 
,,,malign, 
,,,malignant, 
,,,malleable, 
,,,mallet, 
,,,maltreat, 
,,,man-trap, 
,,,mandate, 
,,,mandatory, 
,,,mane, 
,,,man-eater, 
,,,maneuver, 
,,,mania, 
,,,maniac, 
,,,manifesto, 
,,,manlike, 
,,,manliness, 
,,,mannerism, 
,,,manor, 
,,,mantel, 
,,,mantle, 
,,,manufacturer, 
,,,manumission, 
,,,manumit, 
,,,marine, 
,,,maritime, 
,,,maroon, 
,,,martial, 
,,,Martian, 
,,,martyrdom, 
,,,marvel, 
,,,masonry, 
,,,masquerade, 
,,,massacre, 
,,,massive, 
,,,masterpiece, 
,,,mastery, 
,,,material, 
,,,materialize, 
,,,maternal, 
,,,matinee, 
,,,matricide, 
,,,matrimony, 
,,,matrix, 
,,,matter, 
,,,maudlin, 
,,,mausoleum, 
,,,mawkish, 
,,,maxim, 
,,,maze, 
,,,mead, 
,,,meager, 
,,,mealy-mouthed, 
,,,meander, 
,,,mechanics, 
,,,medallion, 
,,,meddlesome, 
,,,medial, 
,,,mediate, 
,,,medicine, 
,,,medieval, 
,,,mediocre, 
,,,meditation, 
,,,medley, 
,,,meliorate, 
,,,mellifluous, 
,,,melodious, 
,,,melodrama, 
,,,memento, 
,,,memorable, 
,,,menace, 
,,,menagerie, 
,,,mendacious, 
,,,mendicant, 
,,,mentality, 
,,,mentor, 
,,,mercantile, 
,,,mercenary, 
,,,merciful, 
,,,merciless, 
,,,meretricious, 
,,,mesmerize, 
,,,messieurs, 
,,,metal, 
,,,metallurgy, 
,,,metamorphosis, 
,,,metaphor, 
,,,metaphysical, 
,,,metaphysician, 
,,,metaphysics, 
,,,mete, 
,,,metempsychosis, 
,,,meticulous, 
,,,metonymy, 
,,,metric, 
,,,metronome, 
,,,metropolis, 
,,,metropolitan, 
,,,mettle, 
,,,mettlesome, 
,,,microcosm, 
,,,micrometer, 
,,,microphone, 
,,,microscope, 
,,,microscopic, 
,,,microscopy, 
,,,midsummer, 
,,,midwife, 
,,,mien, 
,,,migrant, 
,,,migrate, 
,,,migratory, 
,,,mileage, 
,,,militant, 
,,,militarism, 
,,,militate, 
,,,militia, 
,,,Milky, 
,,,millet, 
,,,mimic, 
,,,miniature, 
,,,minimize, 
,,,minion, 
,,,ministration, 
,,,ministry, 
,,,minority, 
,,,minute, 
,,,minutia, 
,,,mirage, 
,,,misadventure, 
,,,misanthropic, 
,,,misanthropy, 
,,,misapprehend, 
,,,misbehave, 
,,,misbehavior, 
,,,mischievous, 
,,,miscount, 
,,,miscreant, 
,,,misdeed, 
,,,misdemeanor, 
,,,miser, 
,,,mishap, 
,,,misinterpret, 
,,,mislay, 
,,,mismanage, 
,,,misnomer, 
,,,misogamy, 
,,,misogyny, 
,,,misplace, 
,,,misrepresent, 
,,,misrule, 
,,,missal, 
,,,missile, 
,,,missive, 
,,,mistrust, 
,,,misty, 
,,,misunderstand, 
,,,misuse, 
,,,mite, 
,,,miter, 
,,,mitigate, 
,,,mnemonics, 
,,,moat, 
,,,mobocracy, 
,,,moccasin, 
,,,mockery, 
,,,moderation, 
,,,moderator, 
,,,modernity, 
,,,modernize, 
,,,modification, 
,,,modify, 
,,,modish, 
,,,modulate, 
,,,mollify, 
,,,molt, 
,,,momentary, 
,,,momentous, 
,,,momentum, 
,,,monarchy, 
,,,monastery, 
,,,monetary, 
,,,mongrel, 
,,,monition, 
,,,monitory, 
,,,monocracy, 
,,,monogamy, 
,,,monogram, 
,,,monograph, 
,,,monolith, 
,,,monologue, 
,,,monomania, 
,,,monopoly, 
,,,monosyllable, 
,,,monotone, 
,,,monotonous, 
,,,monotony, 
,,,monsieur, 
,,,monstrosity, 
,,,moonbeam, 
,,,morale, 
,,,moralist, 
,,,morality, 
,,,moralize, 
,,,moratorium, 
,,,morbid, 
,,,mordacious, 
,,,mordant, 
,,,moribund, 
,,,morose, 
,,,morphology, 
,,,motley, 
,,,motto, 
,,,mountaineer, 
,,,mountainous, 
,,,mouthful, 
,,,muddle, 
,,,muffle, 
,,,mulatto, 
,,,muleteer, 
,,,multiform, 
,,,multiplicity, 
,,,mundane, 
,,,municipal, 
,,,municipality, 
,,,munificence, 
,,,munificent, 
,,,muster, 
,,,mutation, 
,,,mutilate, 
,,,mutiny, 
,,,myriad, 
,,,mystic, 
,,,mystification, 
,,,myth, 
,,,mythology, 
,,,nameless, 
,,,naphtha, 
,,,Narcissus, 
,,,narrate, 
,,,narration, 
,,,narrative, 
,,,narrator, 
,,,narrow-minded, 
,,,nasal, 
,,,natal, 
,,,nationality, 
,,,naturally, 
,,,nausea, 
,,,nauseate, 
,,,nauseous, 
,,,nautical, 
,,,naval, 
,,,navel, 
,,,navigable, 
,,,navigate, 
,,,nebula, 
,,,necessary, 
,,,necessitate, 
,,,necessity, 
,,,necrology, 
,,,necromancer, 
,,,necropolis, 
,,,necrosis, 
,,,nectar, 
,,,nectarine, 
,,,needlework, 
,,,needy, 
,,,nefarious, 
,,,negate, 
,,,negation, 
,,,neglectful, 
,,,negligee, 
,,,negligence, 
,,,negligent, 
,,,negligible, 
,,,negotiable, 
,,,Nemesis, 
,,,neocracy, 
,,,neo-Darwinsim, 
,,,neo-Latin, 
,,,neopaganism, 
,,,Neolithic, 
,,,neology, 
,,,neophyte, 
,,,nestle, 
,,,nestling, 
,,,nettle, 
,,,network, 
,,,neural, 
,,,neurology, 
,,,neuter, 
,,,neutral, 
,,,nevertheless, 
,,,Newtonian, 
,,,niggardly, 
,,,nihilist, 
,,,nil, 
,,,nimble, 
,,,nit, 
,,,nocturnal, 
,,,noiseless, 
,,,noisome, 
,,,noisy, 
,,,nomad, 
,,,nomic, 
,,,nominal, 
,,,nominate, 
,,,nomination, 
,,,nominee, 
,,,non-existent, 
,,,non-resident, 
,,,nonchalance, 
,,,non-combatant, 
,,,nondescript, 
,,,nonentity, 
,,,nonpareil, 
,,,norm, 
,,,normalcy, 
,,,Norman, 
,,,nostrum, 
,,,noticeable, 
,,,notorious, 
,,,novellette, 
,,,novice, 
,,,nowadays, 
,,,nowhere, 
,,,noxious, 
,,,nuance, 
,,,nucleus, 
,,,nude, 
,,,nugatory, 
,,,nuisance, 
,,,numeration, 
,,,numerical, 
,,,nunnery, 
,,,nuptial, 
,,,nurture, 
,,,nutriment, 
,,,nutritive, 
,,,oaken, 
,,,oakum, 
,,,obdurate, 
,,,obelisk, 
,,,obese, 
,,,obesity, 
,,,obituary, 
,,,objective, 
,,,objector, 
,,,obligate, 
,,,obligatory, 
,,,oblique, 
,,,obliterate, 
,,,oblivion, 
,,,oblong, 
,,,obnoxious, 
,,,obsequies, 
,,,obsequious, 
,,,observance, 
,,,observant, 
,,,observatory, 
,,,obsolescence, 
,,,obsolescent, 
,,,obsolete, 
,,,obstetrician, 
,,,obstetrics, 
,,,obstinacy, 
,,,obstreperous, 
,,,obstruct, 
,,,obstruction, 
,,,obtrude, 
,,,obtrusive, 
,,,obvert, 
,,,obviate, 
,,,occasion, 
,,,Occident, 
,,,occlude, 
,,,occult, 
,,,occupant, 
,,,occurrence, 
,,,octagon, 
,,,octave, 
,,,octavo, 
,,,octogenarian, 
,,,ocular, 
,,,oculist, 
,,,oddity, 
,,,ode, 
,,,odious, 
,,,odium, 
,,,odoriferous, 
,,,odorous, 
,,,off, 
,,,offhand, 
,,,officiate, 
,,,officious, 
,,,offshoot, 
,,,ogre, 
,,,ointment, 
,,,olfactory, 
,,,olive-branch, 
,,,ominous, 
,,,omission, 
,,,omnipotence, 
,,,Omnipotent, 
,,,omniscience, 
,,,omniscient, 
,,,omnivorous, 
,,,onerous, 
,,,onrush, 
,,,onset, 
,,,onslaught, 
,,,onus, 
,,,opalescence, 
,,,opaque, 
,,,operate, 
,,,operative, 
,,,operator, 
,,,operetta, 
,,,opinion, 
,,,opponent, 
,,,opportune, 
,,,opportunist, 
,,,opportunity, 
,,,opposite, 
,,,opprobrium, 
,,,optic, 
,,,optician, 
,,,optics, 
,,,optimism, 
,,,option, 
,,,optometry, 
,,,opulence, 
,,,opulent, 
,,,oral, 
,,,orate, 
,,,oration, 
,,,orator, 
,,,oratorio, 
,,,oratory, 
,,,ordeal, 
,,,ordinal, 
,,,ordination, 
,,,ordnance, 
,,,orgies, 
,,,origin, 
,,,original, 
,,,originate, 
,,,ornate, 
,,,orthodox, 
,,,orthodoxy, 
,,,orthogonal, 
,,,orthopedic, 
,,,orthopedist, 
,,,oscillate, 
,,,osculate, 
,,,ossify, 
,,,ostentation, 
,,,ostracism, 
,,,ostracize, 
,,,ought, 
,,,oust, 
,,,out-and-out, 
,,,outbreak, 
,,,outburst, 
,,,outcast, 
,,,outcry, 
,,,outdo, 
,,,outlandish, 
,,,outlast, 
,,,outlaw, 
,,,outlive, 
,,,out-of-the-way, 
,,,outpost, 
,,,outrage, 
,,,outrageous, 
,,,outreach, 
,,,outride, 
,,,outrigger, 
,,,outright, 
,,,outskirt, 
,,,outstretch, 
,,,outstrip, 
,,,outweigh, 
,,,overdo, 
,,,overdose, 
,,,overeat, 
,,,overhang, 
,,,overleap, 
,,,overlord, 
,,,overpass, 
,,,overpay, 
,,,overpower, 
,,,overproduction, 
,,,overreach, 
,,,overrun, 
,,,oversee, 
,,,overseer, 
,,,overshadow, 
,,,overstride, 
,,,overthrow, 
,,,overtone, 
,,,overture, 
,,,overweight, 
,,,pacify, 
,,,packet, 
,,,pact, 
,,,pagan, 
,,,pageant, 
,,,palate, 
,,,palatial, 
,,,paleontology, 
,,,palette, 
,,,palinode, 
,,,pall, 
,,,palliate, 
,,,pallid, 
,,,palpable, 
,,,palsy, 
,,,paly, 
,,,pamphlet, 
,,,pamphleteer, 
,,,panacea, 
,,,Pan-American, 
,,,pandemic, 
,,,pandemonium, 
,,,panegyric, 
,,,panel, 
,,,panic, 
,,,panoply, 
,,,panorama, 
,,,pantheism, 
,,,Pantheon, 
,,,pantomime, 
,,,pantoscope, 
,,,papacy, 
,,,papyrus, 
,,,parable, 
,,,paradox, 
,,,paragon, 
,,,parallel, 
,,,parallelism, 
,,,paralysis, 
,,,paralyze, 
,,,paramount, 
,,,paramour, 
,,,paraphernalia, 
,,,paraphrase, 
,,,pare, 
,,,parentage, 
,,,Pariah, 
,,,parish, 
,,,Parisian, 
,,,parity, 
,,,parlance, 
,,,parley, 
,,,parliament, 
,,,parlor, 
,,,parody, 
,,,paronymous, 
,,,paroxysm, 
,,,parricide, 
,,,parse, 
,,,parsimonious, 
,,,partible, 
,,,participant, 
,,,participate, 
,,,partition, 
,,,partisan, 
,,,passible, 
,,,passive, 
,,,pastoral, 
,,,paternal, 
,,,paternity, 
,,,pathos, 
,,,patriarch, 
,,,patrician, 
,,,patrimony, 
,,,patriotism, 
,,,patronize, 
,,,patronymic, 
,,,patter, 
,,,paucity, 
,,,pauper, 
,,,pauperism, 
,,,pavilion, 
,,,payee, 
,,,peaceable, 
,,,peaceful, 
,,,peccable, 
,,,peccadillo, 
,,,peccant, 
,,,pectoral, 
,,,pecuniary, 
,,,pedagogics, 
,,,pedagogue, 
,,,pedagogy, 
,,,pedal, 
,,,pedant, 
,,,peddle, 
,,,pedestal, 
,,,pedestrian, 
,,,pediatrics, 
,,,pedigree, 
,,,peddler, 
,,,peerage, 
,,,peerless, 
,,,peevish, 
,,,pellucid, 
,,,penalty, 
,,,penance, 
,,,penchant, 
,,,pendant, 
,,,pendulous, 
,,,pendulum, 
,,,penetrable, 
,,,penetrate, 
,,,penetration, 
,,,peninsular, 
,,,penitence, 
,,,penitential, 
,,,pennant, 
,,,pension, 
,,,pentagram, 
,,,pentavalent, 
,,,pentad, 
,,,pentagon, 
,,,pentahedron, 
,,,pentameter, 
,,,pentathlon, 
,,,penultimate, 
,,,penurious, 
,,,penury, 
,,,perambulate, 
,,,perceive, 
,,,perceptible, 
,,,perception, 
,,,percipience, 
,,,percipient, 
,,,percolate, 
,,,percolator, 
,,,percussion, 
,,,peremptory, 
,,,perennial, 
,,,perfectible, 
,,,perfidy, 
,,,perforate, 
,,,perform, 
,,,perfumery, 
,,,perfunctory, 
,,,perhaps, 
,,,perigee, 
,,,periodicity, 
,,,peripatetic, 
,,,perjure, 
,,,perjury, 
,,,permanence, 
,,,permanent, 
,,,permeate, 
,,,permissible, 
,,,permutation, 
,,,pernicious, 
,,,perpendicular, 
,,,perpetrator, 
,,,perpetuate, 
,,,perquisite, 
,,,persecution, 
,,,perseverance, 
,,,persevere, 
,,,persiflage, 
,,,persist, 
,,,persistence, 
,,,personage, 
,,,personal, 
,,,personality, 
,,,personnel, 
,,,perspective, 
,,,perspicacious, 
,,,perspicacity, 
,,,perspicuous, 
,,,perspiration, 
,,,perspire, 
,,,persuade, 
,,,persuadable, 
,,,pertinacious, 
,,,pertinacity, 
,,,pertinent, 
,,,perturb, 
,,,perturbation, 
,,,perusal, 
,,,pervade, 
,,,pervasion, 
,,,pervasive, 
,,,perverse, 
,,,perversion, 
,,,perversity, 
,,,pervert, 
,,,pervious, 
,,,pestilence, 
,,,pestilent, 
,,,pestilential, 
,,,peter, 
,,,petrify, 
,,,petulance, 
,,,petulant, 
,,,pharmacopoeia, 
,,,pharmacy, 
,,,phenomenal, 
,,,phenomenon, 
,,,philander, 
,,,philanthropic, 
,,,philanthropist, 
,,,philanthropy, 
,,,philately, 
,,,philharmonic, 
,,,philogynist, 
,,,philologist, 
,,,philology, 
,,,philosophize, 
,,,philosophy, 
,,,phlegmatic, 
,,,phonetic, 
,,,phonic, 
,,,phonogram, 
,,,phonology, 
,,,phosphorescence, 
,,,photoelectric, 
,,,photometer, 
,,,photometry, 
,,,physicist, 
,,,physics, 
,,,physiocracy, 
,,,physiognomy, 
,,,physiography, 
,,,physiology, 
,,,physique, 
,,,picayune, 
,,,piccolo, 
,,,piece, 
,,,piecemeal, 
,,,pillage, 
,,,pillory, 
,,,pincers, 
,,,pinchers, 
,,,pinnacle, 
,,,pioneer, 
,,,pious, 
,,,pique, 
,,,piteous, 
,,,pitiable, 
,,,pitiful, 
,,,pitiless, 
,,,pittance, 
,,,placate, 
,,,placid, 
,,,plagiarism, 
,,,planisphere, 
,,,plasticity, 
,,,platitude, 
,,,plaudit, 
,,,plausible, 
,,,playful, 
,,,playwright, 
,,,plea, 
,,,pleasant, 
,,,pleasurable, 
,,,plebeian, 
,,,pledgee, 
,,,pledgeor, 
,,,plenary, 
,,,plenipotentiary, 
,,,plenitude, 
,,,plenteous, 
,,,plumb, 
,,,plummet, 
,,,pluperfect, 
,,,plural, 
,,,plurality, 
,,,plutocracy, 
,,,pneumatic, 
,,,poesy, 
,,,poetaster, 
,,,poetic, 
,,,poetics, 
,,,poignancy, 
,,,poignant, 
,,,poise, 
,,,polar, 
,,,polemics, 
,,,pollen, 
,,,pollute, 
,,,polyarchy, 
,,,polycracy, 
,,,polygamy, 
,,,polyglot, 
,,,polygon, 
,,,polyhedron, 
,,,polysyllable, 
,,,polytechnic, 
,,,polytheism, 
,,,pommel, 
,,,pomposity, 
,,,pompous, 
,,,ponder, 
,,,ponderous, 
,,,pontiff, 
,,,populace, 
,,,populous, 
,,,portend, 
,,,portent, 
,,,portfolio, 
,,,posit, 
,,,position, 
,,,positive, 
,,,posse, 
,,,possess, 
,,,possession, 
,,,possessive, 
,,,possessor, 
,,,possible, 
,,,postdate, 
,,,posterior, 
,,,postgraduate, 
,,,postscript, 
,,,potency, 
,,,potent, 
,,,potentate, 
,,,potential, 
,,,potion, 
,,,powerless, 
,,,practicable, 
,,,prate, 
,,,prattle, 
,,,preamble, 
,,,precarious, 
,,,precaution, 
,,,precede, 
,,,precedence, 
,,,precedent, 
,,,precedential, 
,,,precession, 
,,,precipice, 
,,,precipitant, 
,,,precipitate, 
,,,precise, 
,,,precision, 
,,,preclude, 
,,,precocious, 
,,,precursor, 
,,,predatory, 
,,,predecessor, 
,,,predicament, 
,,,predicate, 
,,,predict, 
,,,prediction, 
,,,predominance, 
,,,predominant, 
,,,predominate, 
,,,preeminence, 
,,,preempt, 
,,,preemption, 
,,,preengage, 
,,,preestablish, 
,,,preexist, 
,,,preexistence, 
,,,preface, 
,,,prefatory, 
,,,prefer, 
,,,preferable, 
,,,preference, 
,,,preferential, 
,,,preferment, 
,,,prefix, 
,,,prehensible, 
,,,prehensile, 
,,,prehension, 
,,,prejudice, 
,,,prelacy, 
,,,prelate, 
,,,prelude, 
,,,premature, 
,,,premier, 
,,,premise, 
,,,premonition, 
,,,preoccupation, 
,,,preoccupy, 
,,,preordain, 
,,,preparation, 
,,,preparatory, 
,,,preponderant, 
,,,preponderate, 
,,,prepossession, 
,,,preposterous, 
,,,prerogative, 
,,,presage, 
,,,prescience, 
,,,prescient, 
,,,prescript, 
,,,prescriptible, 
,,,prescription, 
,,,presentient, 
,,,presentiment, 
,,,presentment, 
,,,preservation, 
,,,presumption, 
,,,presumptuous, 
,,,pretension, 
,,,pretentious, 
,,,preternatural, 
,,,pretext, 
,,,prevalence, 
,,,prevalent, 
,,,prevaricate, 
,,,prevention, 
,,,prickle, 
,,,priggish, 
,,,prim, 
,,,prima, 
,,,primer, 
,,,primeval, 
,,,primitive, 
,,,principal, 
,,,principality, 
,,,principle, 
,,,priory, 
,,,pristine, 
,,,privateer, 
,,,privilege, 
,,,privity, 
,,,privy, 
,,,probate, 
,,,probation, 
,,,probe, 
,,,probity, 
,,,procedure, 
,,,proceed, 
,,,proclamation, 
,,,procrastinate, 
,,,procrastination, 
,,,proctor, 
,,,prodigal, 
,,,prodigious, 
,,,prodigy, 
,,,productive, 
,,,profession, 
,,,professor, 
,,,proffer, 
,,,proficiency, 
,,,proficient, 
,,,profile, 
,,,profiteer, 
,,,profligacy, 
,,,profligate, 
,,,profuse, 
,,,progeny, 
,,,progression, 
,,,prohibition, 
,,,prohibitionist, 
,,,prohibitory, 
,,,projection, 
,,,proletarian, 
,,,prolific, 
,,,prolix, 
,,,prologue, 
,,,prolong, 
,,,promenade, 
,,,prominence, 
,,,prominent, 
,,,promiscuous, 
,,,promissory, 
,,,promontory, 
,,,promoter, 
,,,promulgate, 
,,,propaganda, 
,,,propagate, 
,,,propel, 
,,,propellant, 
,,,propeller, 
,,,prophecy, 
,,,prophesy, 
,,,propitious, 
,,,proportionate, 
,,,propriety, 
,,,propulsion, 
,,,prosaic, 
,,,proscenium, 
,,,proscribe, 
,,,proscription, 
,,,proselyte, 
,,,prosody, 
,,,prospector, 
,,,prospectus, 
,,,prostrate, 
,,,protagonist, 
,,,protection, 
,,,protective, 
,,,protector, 
,,,protege, 
,,,Protestant, 
,,,protomartyr, 
,,,protocol, 
,,,protoplasm, 
,,,prototype, 
,,,protract, 
,,,protrude, 
,,,protrusion, 
,,,protuberance, 
,,,protuberant, 
,,,protuberate, 
,,,proverb, 
,,,provident, 
,,,providential, 
,,,provincial, 
,,,proviso, 
,,,provocation, 
,,,prowess, 
,,,proximately, 
,,,proxy, 
,,,prudence, 
,,,prudential, 
,,,prudery, 
,,,prurient, 
,,,pseudapostle, 
,,,pseudonym, 
,,,pseudonymity, 
,,,psychiatry, 
,,,psychic, 
,,,psychopathic, 
,,,psychotherapy, 
,,,pudgy, 
,,,puerile, 
,,,pugnacious, 
,,,puissant, 
,,,pulmonary, 
,,,punctilious, 
,,,punctual, 
,,,pungent, 
,,,pungency, 
,,,punitive, 
,,,pupilage, 
,,,purgatory, 
,,,purl, 
,,,purloin, 
,,,purport, 
,,,purveyor, 
,,,pusillanimous, 
,,,putrescent, 
,,,pyre, 
,,,pyromania, 
,,,pyrotechnic, 
,,,pyx, 
,,,quackery, 
,,,quadrate, 
,,,quadruple, 
,,,qualification, 
,,,qualify, 
,,,qualm, 
,,,quandary, 
,,,quantity, 
,,,quarantine, 
,,,quarrelsome, 
,,,quarter, 
,,,quarterly, 
,,,quartet, 
,,,quarto, 
,,,quay, 
,,,querulous, 
,,,query, 
,,,queue, 
,,,quibble, 
,,,quiescence, 
,,,quiescent, 
,,,quiet, 
,,,quietus, 
,,,quintessence, 
,,,quintet, 
,,,quite, 
,,,Quixotic, 
,,,rabid, 
,,,racy, 
,,,radiance, 
,,,radiate, 
,,,radical, 
,,,radix, 
,,,raillery, 
,,,ramify, 
,,,ramose, 
,,,rampant, 
,,,rampart, 
,,,rancor, 
,,,rankle, 
,,,rapacious, 
,,,rapid, 
,,,rapine, 
,,,rapt, 
,,,raptorial, 
,,,ration, 
,,,rationalism, 
,,,raucous, 
,,,ravage, 
,,,ravenous, 
,,,ravine, 
,,,reaction, 
,,,reactionary, 
,,,readily, 
,,,readjust, 
,,,ready, 
,,,realism, 
,,,rearrange, 
,,,reassure, 
,,,rebellious, 
,,,rebuff, 
,,,rebuild, 
,,,rebut, 
,,,recant, 
,,,recapitulate, 
,,,recapture, 
,,,recede, 
,,,receivable, 
,,,receptive, 
,,,recessive, 
,,,recidivist, 
,,,reciprocal, 
,,,reciprocate, 
,,,reciprocity, 
,,,recitation, 
,,,reck, 
,,,reckless, 
,,,reclaim, 
,,,recline, 
,,,recluse, 
,,,reclusory, 
,,,recognizance, 
,,,recognize, 
,,,recoil, 
,,,recollect, 
,,,reconcilable, 
,,,reconnoiter, 
,,,reconsider, 
,,,reconstruct, 
,,,recourse, 
,,,recover, 
,,,recreant, 
,,,recreate, 
,,,recrudescence, 
,,,recrudescent, 
,,,recruit, 
,,,rectify, 
,,,rectitude, 
,,,recuperate, 
,,,recur, 
,,,recure, 
,,,recurrent, 
,,,redemption, 
,,,redolent, 
,,,redolence, 
,,,redoubtable, 
,,,redound, 
,,,redress, 
,,,reducible, 
,,,redundance, 
,,,redundant, 
,,,reestablish, 
,,,refer, 
,,,referrer, 
,,,referable, 
,,,referee, 
,,,refinery, 
,,,reflectible, 
,,,reflection, 
,,,reflector, 
,,,reflexible, 
,,,reform, 
,,,reformer, 
,,,refract, 
,,,refractory, 
,,,refragable, 
,,,refringency, 
,,,refringent, 
,,,refusal, 
,,,refute, 
,,,regale, 
,,,regalia, 
,,,regality, 
,,,regenerate, 
,,,regent, 
,,,regicide, 
,,,regime, 
,,,regimen, 
,,,regiment, 
,,,regnant, 
,,,regress, 
,,,regretful, 
,,,rehabilitate, 
,,,reign, 
,,,reimburse, 
,,,rein, 
,,,reinstate, 
,,,reiterate, 
,,,rejoin, 
,,,rejuvenate, 
,,,rejuvenescence, 
,,,relapse, 
,,,relegate, 
,,,relent, 
,,,relevant, 
,,,reliance, 
,,,reliant, 
,,,relinquish, 
,,,reliquary, 
,,,relish, 
,,,reluctance, 
,,,reluctant, 
,,,remembrance, 
,,,reminiscence, 
,,,reminiscent, 
,,,remiss, 
,,,remission, 
,,,remodel, 
,,,remonstrance, 
,,,remonstrant, 
,,,remonstrate, 
,,,remunerate, 
,,,remuneration, 
,,,Renaissance, 
,,,rendezvous, 
,,,rendition, 
,,,renovate, 
,,,renunciation, 
,,,reorganize, 
,,,reparable, 
,,,reparation, 
,,,repartee, 
,,,repeal, 
,,,repel, 
,,,repellent, 
,,,repentance, 
,,,repertory, 
,,,repetition, 
,,,repine, 
,,,replenish, 
,,,replete, 
,,,replica, 
,,,repository, 
,,,reprehend, 
,,,reprehensible, 
,,,reprehension, 
,,,repress, 
,,,repressible, 
,,,reprieve, 
,,,reprimand, 
,,,reprisal, 
,,,reprobate, 
,,,reproduce, 
,,,reproduction, 
,,,reproof, 
,,,repudiate, 
,,,repugnance, 
,,,repugnant, 
,,,repulse, 
,,,repulsive, 
,,,repute, 
,,,requiem, 
,,,requisite, 
,,,requital, 
,,,requite, 
,,,rescind, 
,,,reseat, 
,,,resemblance, 
,,,resent, 
,,,reservoir, 
,,,residue, 
,,,resilience, 
,,,resilient, 
,,,resistance, 
,,,resistant, 
,,,resistive, 
,,,resistless, 
,,,resonance, 
,,,resonance, 
,,,resonate, 
,,,resource, 
,,,respite, 
,,,resplendent, 
,,,respondent, 
,,,restitution, 
,,,resumption, 
,,,resurgent, 
,,,resurrection, 
,,,resuscitate, 
,,,retaliate, 
,,,retch, 
,,,retention, 
,,,reticence, 
,,,reticent, 
,,,retinue, 
,,,retort, 
,,,retouch, 
,,,retrace, 
,,,retract, 
,,,retrench, 
,,,retrieve, 
,,,retroactive, 
,,,retrograde, 
,,,retrogression, 
,,,retrospect, 
,,,retrospective, 
,,,reunite, 
,,,revelation, 
,,,revere, 
,,,reverent, 
,,,reversion, 
,,,revert, 
,,,revile, 
,,,revisal, 
,,,revise, 
,,,revocation, 
,,,revoke, 
,,,rhapsody, 
,,,rhetoric, 
,,,rhetorician, 
,,,ribald, 
,,,riddance, 
,,,ridicule, 
,,,ridiculous, 
,,,rife, 
,,,righteousness, 
,,,rightful, 
,,,rigmarole, 
,,,rigor, 
,,,rigorous, 
,,,ripplet, 
,,,risible, 
,,,rivulet, 
,,,robust, 
,,,rondo, 
,,,rookery, 
,,,rotary, 
,,,rotate, 
,,,rote, 
,,,rotund, 
,,,rudimentary, 
,,,rue, 
,,,ruffian, 
,,,ruminant, 
,,,ruminate, 
,,,rupture, 
,,,rustic, 
,,,ruth, 
,,,sacrifice, 
,,,sacrificial, 
,,,sacrilege, 
,,,sacrilegious, 
,,,safeguard, 
,,,sagacious, 
,,,salacious, 
,,,salience, 
,,,salient, 
,,,saline, 
,,,salutary, 
,,,salutation, 
,,,salutatory, 
,,,salvage, 
,,,salvo, 
,,,sanctimonious, 
,,,sanction, 
,,,sanctity, 
,,,sanguinary, 
,,,sanguine, 
,,,sanguineous, 
,,,sapid, 
,,,sapience, 
,,,sapient, 
,,,sapiential, 
,,,saponaceous, 
,,,sarcasm, 
,,,sarcophagus, 
,,,sardonic, 
,,,satiate, 
,,,satire, 
,,,satiric, 
,,,satirize, 
,,,satyr, 
,,,savage, 
,,,savor, 
,,,scabbard, 
,,,scarcity, 
,,,scholarly, 
,,,scholastic, 
,,,scintilla, 
,,,scintillate, 
,,,scope, 
,,,scoundrel, 
,,,scribble, 
,,,scribe, 
,,,script, 
,,,Scriptural, 
,,,scruple, 
,,,scrupulous, 
,,,scurrilous, 
,,,scuttle, 
,,,scythe, 
,,,seance, 
,,,sear, 
,,,sebaceous, 
,,,secant, 
,,,secede, 
,,,secession, 
,,,seclude, 
,,,seclusion, 
,,,secondary, 
,,,secondly, 
,,,second-rate, 
,,,secrecy, 
,,,secretary, 
,,,secretive, 
,,,sedate, 
,,,sedentary, 
,,,sediment, 
,,,sedition, 
,,,seditious, 
,,,seduce, 
,,,sedulous, 
,,,seer, 
,,,seethe, 
,,,seignior, 
,,,seismograph, 
,,,seize, 
,,,selective, 
,,,self-respect, 
,,,semblance, 
,,,semicivilized, 
,,,semiconscious, 
,,,semiannual, 
,,,semicircle, 
,,,seminar, 
,,,seminary, 
,,,senile, 
,,,sensation, 
,,,sense, 
,,,sensibility, 
,,,sensitive, 
,,,sensorium, 
,,,sensual, 
,,,sensuous, 
,,,sentence, 
,,,sentience, 
,,,sentient, 
,,,sentinel, 
,,,separable, 
,,,separate, 
,,,separatist, 
,,,septennial, 
,,,sepulcher, 
,,,sequacious, 
,,,sequel, 
,,,sequence, 
,,,sequent, 
,,,sequester, 
,,,sequestrate, 
,,,sergeant, 
,,,sergeant-at-arms, 
,,,sergeant-major, 
,,,service, 
,,,serviceable, 
,,,servitude, 
,,,severance, 
,,,severely, 
,,,sextet, 
,,,sextuple, 
,,,sheer, 
,,,shiftless, 
,,,shrewd, 
,,,shriek, 
,,,shrinkage, 
,,,shrivel, 
,,,shuffle, 
,,,sibilance, 
,,,sibilant, 
,,,sibilate, 
,,,sidelong, 
,,,sidereal, 
,,,siege, 
,,,significance, 
,,,significant, 
,,,signification, 
,,,similar, 
,,,simile, 
,,,similitude, 
,,,simplify, 
,,,simulate, 
,,,simultaneous, 
,,,sinecure, 
,,,singe, 
,,,sinister, 
,,,sinuosity, 
,,,sinuous, 
,,,sinus, 
,,,siren, 
,,,sirocco, 
,,,sisterhood, 
,,,skeptic, 
,,,skepticism, 
,,,skiff, 
,,,skirmish, 
,,,sleight, 
,,,slight, 
,,,slothful, 
,,,sluggard, 
,,,sociable, 
,,,socialism, 
,,,socialist, 
,,,sociology, 
,,,Sol, 
,,,solace, 
,,,solar, 
,,,solder, 
,,,soldier, 
,,,solecism, 
,,,solicitor, 
,,,solicitude, 
,,,soliloquy, 
,,,solstice, 
,,,soluble, 
,,,solvent, 
,,,somber, 
,,,somniferous, 
,,,somnolence, 
,,,somnolent, 
,,,sonata, 
,,,sonnet, 
,,,sonorous, 
,,,soothsayer, 
,,,sophism, 
,,,sophistical, 
,,,sophisticate, 
,,,sophistry, 
,,,soprano, 
,,,sorcery, 
,,,sordid, 
,,,souvenir, 
,,,sparse, 
,,,Spartan, 
,,,spasmodic, 
,,,specialize, 
,,,specialty, 
,,,specie, 
,,,species, 
,,,specimen, 
,,,specious, 
,,,spectator, 
,,,specter, 
,,,spectrum, 
,,,speculate, 
,,,speculator, 
,,,sphericity, 
,,,spheroid, 
,,,spherometer, 
,,,spinous, 
,,,spinster, 
,,,spontaneous, 
,,,sprightly, 
,,,spurious, 
,,,squabble, 
,,,squalid, 
,,,squatter, 
,,,stagnant, 
,,,stagnate, 
,,,stagnation, 
,,,stagy, 
,,,staid, 
,,,stallion, 
,,,stanchion, 
,,,stanza, 
,,,statecraft, 
,,,static, 
,,,statics, 
,,,stationary, 
,,,statistician, 
,,,statuesque, 
,,,statuette, 
,,,stature, 
,,,statute, 
,,,stealth, 
,,,stellar, 
,,,steppe, 
,,,sterling, 
,,,stifle, 
,,,stigma, 
,,,stiletto, 
,,,stimulant, 
,,,stimulate, 
,,,stimulus, 
,,,stingy, 
,,,stipend, 
,,,Stoicism, 
,,,stolid, 
,,,strait, 
,,,stratagem, 
,,,stratum, 
,,,streamlet, 
,,,stringency, 
,,,stringent, 
,,,stripling, 
,,,studious, 
,,,stultify, 
,,,stupendous, 
,,,stupor, 
,,,suasion, 
,,,suave, 
,,,subacid, 
,,,subaquatic, 
,,,subconscious, 
,,,subjacent, 
,,,subjection, 
,,,subjugate, 
,,,subliminal, 
,,,sublingual, 
,,,submarine, 
,,,submerge, 
,,,submergence, 
,,,submersible, 
,,,submersion, 
,,,submission, 
,,,submittal, 
,,,subordinate, 
,,,subsequent, 
,,,subservience, 
,,,subservient, 
,,,subside, 
,,,subsist, 
,,,subsistence, 
,,,substantive, 
,,,subtend, 
,,,subterfuge, 
,,,subterranean, 
,,,subtle, 
,,,subtrahend, 
,,,subversion, 
,,,subvert, 
,,,succeed, 
,,,success, 
,,,successful, 
,,,successor, 
,,,succinct, 
,,,succulent, 
,,,succumb, 
,,,sufferance, 
,,,sufficiency, 
,,,suffrage, 
,,,suffuse, 
,,,suggestible, 
,,,suggestive, 
,,,summary, 
,,,sumptuous, 
,,,superabundance, 
,,,superadd, 
,,,superannuate, 
,,,superb, 
,,,supercilious, 
,,,superficial, 
,,,superfluity, 
,,,superfluous, 
,,,superheat, 
,,,superintend, 
,,,superintendence, 
,,,superintendent, 
,,,superlative, 
,,,supernatural, 
,,,supernumerary, 
,,,supersede, 
,,,supine, 
,,,supplant, 
,,,supple, 
,,,supplementary, 
,,,supplicant, 
,,,supplicate, 
,,,supposition, 
,,,suppress, 
,,,suppressible, 
,,,suppression, 
,,,supramundane, 
,,,surcharge, 
,,,surety, 
,,,surfeit, 
,,,surmise, 
,,,surmount, 
,,,surreptitious, 
,,,surrogate, 
,,,surround, 
,,,surveyor, 
,,,susceptibility, 
,,,susceptible, 
,,,suspense, 
,,,suspension, 
,,,suspicious, 
,,,sustenance, 
,,,swarthy, 
,,,Sybarite, 
,,,sycophant, 
,,,syllabic, 
,,,syllabication, 
,,,syllable, 
,,,syllabus, 
,,,sylph, 
,,,symmetrical, 
,,,symmetry, 
,,,sympathetic, 
,,,sympathize, 
,,,symphonic, 
,,,symphonious, 
,,,symphony, 
,,,synchronism, 
,,,syndicate, 
,,,syneresis, 
,,,synod, 
,,,synonym, 
,,,synopsis, 
,,,systematic, 
,,,tableau, 
,,,tacit, 
,,,taciturn, 
,,,tack, 
,,,tact, 
,,,tactician, 
,,,tactics, 
,,,tangency, 
,,,tangent, 
,,,tangible, 
,,,tannery, 
,,,tantalize, 
,,,tantamount, 
,,,tapestry, 
,,,tarnish, 
,,,taut, 
,,,taxation, 
,,,taxidermy, 
,,,technic, 
,,,technicality, 
,,,technique, 
,,,technography, 
,,,technology, 
,,,teem, 
,,,telepathy, 
,,,telephony, 
,,,telescope, 
,,,telltale, 
,,,temerity, 
,,,temporal, 
,,,temporary, 
,,,temporize, 
,,,tempt, 
,,,tempter, 
,,,tenacious, 
,,,tenant, 
,,,tendency, 
,,,tenet, 
,,,tenor, 
,,,tense, 
,,,tentative, 
,,,tenure, 
,,,tercentenary, 
,,,termagant, 
,,,terminal, 
,,,terminate, 
,,,termination, 
,,,terminus, 
,,,terrify, 
,,,territorial, 
,,,terse, 
,,,testament, 
,,,testator, 
,,,testimonial, 
,,,thearchy, 
,,,theism, 
,,,theocracy, 
,,,theocrasy, 
,,,theologian, 
,,,theological, 
,,,theology, 
,,,theoretical, 
,,,theorist, 
,,,theorize, 
,,,thereabout, 
,,,therefor, 
,,,thermal, 
,,,thermoelectric, 
,,,thermoelectricity, 
,,,thesis, 
,,,thoroughbred, 
,,,thoroughfare, 
,,,thrall, 
,,,tilth, 
,,,timbre, 
,,,timorous, 
,,,tincture, 
,,,tinge, 
,,,tipsy, 
,,,tirade, 
,,,tireless, 
,,,tiresome, 
,,,Titanic, 
,,,toilsome, 
,,,tolerable, 
,,,tolerance, 
,,,tolerant, 
,,,tolerate, 
,,,toleration, 
,,,topography, 
,,,torpor, 
,,,torrid, 
,,,tortious, 
,,,tortuous, 
,,,torturous, 
,,,tractable, 
,,,trait, 
,,,trajectory, 
,,,trammel, 
,,,tranquil, 
,,,tranquilize, 
,,,tranquility, 
,,,transalpine, 
,,,transact, 
,,,transatlantic, 
,,,transcend, 
,,,transcendent, 
,,,transcontinental, 
,,,transcribe, 
,,,transcript, 
,,,transfer, 
,,,transferable, 
,,,transferee, 
,,,transference, 
,,,transferrer, 
,,,transfigure, 
,,,transfuse, 
,,,transfusible, 
,,,transfusion, 
,,,transgress, 
,,,transience, 
,,,transient, 
,,,transition, 
,,,transitory, 
,,,translate, 
,,,translator, 
,,,translucence, 
,,,translucent, 
,,,transmissible, 
,,,transmission, 
,,,transmit, 
,,,transmute, 
,,,transparent, 
,,,transpire, 
,,,transplant, 
,,,transposition, 
,,,transverse, 
,,,travail, 
,,,travesty, 
,,,treacherous, 
,,,treachery, 
,,,treasonable, 
,,,treatise, 
,,,treble, 
,,,trebly, 
,,,tremendous, 
,,,tremor, 
,,,tremulous, 
,,,trenchant, 
,,,trepidation, 
,,,trestle, 
,,,triad, 
,,,tribune, 
,,,trickery, 
,,,tricolor, 
,,,tricycle, 
,,,trident, 
,,,triennial, 
,,,trimness, 
,,,trinity, 
,,,trio, 
,,,triple, 
,,,triplicate, 
,,,triplicity, 
,,,tripod, 
,,,trisect, 
,,,trite, 
,,,triumvir, 
,,,trivial, 
,,,troublesome, 
,,,truculence, 
,,,truculent, 
,,,truism, 
,,,truthful, 
,,,turgid, 
,,,turpitude, 
,,,tutelage, 
,,,tutelar, 
,,,tutorship, 
,,,twinge, 
,,,typical, 
,,,typify, 
,,,typographical, 
,,,typography, 
,,,tyrannical, 
,,,tyranny, 
,,,tyro, 
,,,ubiquitous, 
,,,ulterior, 
,,,ultimate, 
,,,ultimatum, 
,,,ultramundane, 
,,,ultramontane, 
,,,umbrage, 
,,,unaccountable, 
,,,unaffected, 
,,,unanimous, 
,,,unanimity, 
,,,unavoidable, 
,,,unbearable, 
,,,unbecoming, 
,,,unbelief, 
,,,unbiased, 
,,,unbridled, 
,,,uncommon, 
,,,unconscionable, 
,,,unconscious, 
,,,unction, 
,,,unctuous, 
,,,undeceive, 
,,,undercharge, 
,,,underexposed, 
,,,undergarment, 
,,,underman, 
,,,undersell, 
,,,undersized, 
,,,underhanded, 
,,,underlie, 
,,,underling, 
,,,undermine, 
,,,underrate, 
,,,understate, 
,,,undervalue, 
,,,underworld, 
,,,underwrite, 
,,,undue, 
,,,undulate, 
,,,undulous, 
,,,unfavorable, 
,,,ungainly, 
,,,unguent, 
,,,unicellular, 
,,,univalence, 
,,,unify, 
,,,unique, 
,,,unison, 
,,,unisonant, 
,,,Unitarian, 
,,,unlawful, 
,,,unlimited, 
,,,unnatural, 
,,,unnecessary, 
,,,unsettle, 
,,,unsophisticated, 
,,,unspeakable, 
,,,untimely, 
,,,untoward, 
,,,unutterable, 
,,,unwieldy, 
,,,unwise, 
,,,unyoke, 
,,,up-keep, 
,,,upbraid, 
,,,upcast, 
,,,upheaval, 
,,,upheave, 
,,,uppermost, 
,,,uproarious, 
,,,uproot, 
,,,upturn, 
,,,urban, 
,,,urbanity, 
,,,urchin, 
,,,urgency, 
,,,usage, 
,,,usurious, 
,,,usurp, 
,,,usury, 
,,,utilitarianism, 
,,,utility, 
,,,utmost, 
,,,vacate, 
,,,vaccinate, 
,,,vacillate, 
,,,vacuous, 
,,,vacuum, 
,,,vagabond, 
,,,vagrant, 
,,,vainglory, 
,,,vale, 
,,,valediction, 
,,,valedictorian, 
,,,valedictory, 
,,,valid, 
,,,valorous, 
,,,vapid, 
,,,vaporizer, 
,,,variable, 
,,,variance, 
,,,variant, 
,,,variation, 
,,,variegate, 
,,,vassal, 
,,,vaudeville, 
,,,vegetal, 
,,,vegetarian, 
,,,vegetate, 
,,,vegetation, 
,,,vegetative, 
,,,vehement, 
,,,velocity, 
,,,velvety, 
,,,venal, 
,,,vendible, 
,,,vendition, 
,,,vendor, 
,,,veneer, 
,,,venerable, 
,,,venerate, 
,,,venereal, 
,,,venial, 
,,,venison, 
,,,venom, 
,,,venous, 
,,,veracious, 
,,,veracity, 
,,,verbatim, 
,,,verbiage, 
,,,verbose, 
,,,verdant, 
,,,verification, 
,,,verify, 
,,,verily, 
,,,verity, 
,,,vermin, 
,,,vernacular, 
,,,vernal, 
,,,versatile, 
,,,version, 
,,,vertex, 
,,,vertical, 
,,,vertigo, 
,,,vestige, 
,,,vestment, 
,,,veto, 
,,,vicarious, 
,,,viceroy, 
,,,vicissitude, 
,,,vie, 
,,,vigilance, 
,,,vigilant, 
,,,vignette, 
,,,vincible, 
,,,vindicate, 
,,,vindicatory, 
,,,vindicative, 
,,,vinery, 
,,,viol, 
,,,viola, 
,,,violator, 
,,,violation, 
,,,violoncello, 
,,,virago, 
,,,virile, 
,,,virtu, 
,,,virtual, 
,,,virtuoso, 
,,,virulence, 
,,,virulent, 
,,,visage, 
,,,viscount, 
,,,vista, 
,,,visual, 
,,,visualize, 
,,,vitality, 
,,,vitalize, 
,,,vitiate, 
,,,vituperable, 
,,,vivacity, 
,,,vivify, 
,,,vivisection, 
,,,vocable, 
,,,vocative, 
,,,vociferance, 
,,,vociferate, 
,,,vociferous, 
,,,vogue, 
,,,volant, 
,,,volatile, 
,,,volition, 
,,,volitive, 
,,,voluble, 
,,,voluptuous, 
,,,voracious, 
,,,vortex, 
,,,votary, 
,,,votive, 
,,,vulgarity, 
,,,vulnerable, 
,,,waif, 
,,,waistcoat, 
,,,waive, 
,,,wampum, 
,,,wane, 
,,,wantonness, 
,,,warlike, 
,,,wavelet, 
,,,weak-kneed, 
,,,weal, 
,,,wean, 
,,,wearisome, 
,,,wee, 
,,,well-bred, 
,,,well-doer, 
,,,well-to-do, 
,,,whereabouts, 
,,,whereupon, 
,,,wherever, 
,,,wherewith, 
,,,whet, 
,,,whimsical, 
,,,whine, 
,,,wholly, 
,,,wield, 
,,,wile, 
,,,winsome, 
,,,wintry, 
,,,wiry, 
,,,witchcraft, 
,,,witless, 
,,,witling, 
,,,witticism, 
,,,wittingly, 
,,,wizen, 
,,,wizen-faced, 
,,,working-man, 
,,,workmanlike, 
,,,workmanship, 
,,,wrangle, 
,,,wreak, 
,,,wrest, 
,,,wretchedness, 
,,,writhe, 
,,,writing, 
,,,wry, 
,,,yearling, 
,,,zealot, 
,,,zeitgeist, 
,,,zenith, 
,,,zephyr, 
,,,zodiac, 
